사업장명,도로명전체주소
맘스터치 삼성중앙점,"서울특별시 강남구 봉은사로 471, 상가동 지상1층 109호 (삼성동)"
젠제로,"서울특별시 강남구 선릉로126길 14, 지하1층, 지상1층 (삼성동)"
품서울,"서울특별시 강남구 삼성로126길 6, 지상6층 (삼성동)"
마마예찬,"서울특별시 강남구 학동로68길 7, 삼성동힐스테이트 지상`층 108호 (삼성동)"
키아오라 키친,"서울특별시 강남구 봉은사로 415, 청림빌딩 지하1층 주방6호 (삼성동)"
신불떡볶이(부메랑),"서울특별시 강남구 봉은사로103길 6, 1층 (삼성동)"
주식회사 쉐즈알렉스,"서울특별시 강남구 선릉로112길 5, 지상1,2층 (삼성동)"
일상정원 코엑스점,"서울특별시 강남구 테헤란로87길 58, 컨벤션별관 지하2층 2A03호 (삼성동)"
하랑,"서울특별시 강남구 선릉로112길 38, 지상1층 102호 (삼성동)"
정성성 도시락,"서울특별시 강남구 봉은사로 415, 청림빌딩 지하1층 주방3호 (삼성동)"
주식회사 가배도 코엑스점,"서울특별시 강남구 영동대로 513, 코엑스 지상1층 E001a호 (삼성동)"
아리가또맘마 강남딜리버리점,"서울특별시 강남구 봉은사로68길 21, 지하1층 (삼성동)"
하두스 살롱뒤뱅(HADOO'S SALON DU VIN),"서울특별시 강남구 영동대로 640, 상가동 지하2층 108호 (삼성동, 아이파크삼성)"
엠제이(MJ),"서울특별시 강남구 선릉로112길 14, 제이에스빌딩 지하1층 (삼성동)"
서울깍두기,"서울특별시 강남구 영동대로 513, 코엑스 지하1층 B2호 (삼성동)"
키헤이커피,"서울특별시 강남구 봉은사로78길 15, 지상1층 101호 (삼성동)"
홍수계찜닭 코엑스점,"서울특별시 강남구 테헤란로87길 46, 호텔오크우드프리미어 지하2층 2A4호 (삼성동)"
스시유리,"서울특별시 강남구 테헤란로83길 36, 지상2층 (삼성동)"
청담하게,"서울특별시 강남구 학동로82길 12, 지상1층 (삼성동)"
착한무안뻘낙지,"서울특별시 강남구 봉은사로108길 19, 지하1층 (삼성동)"
백우드시카고피자 바베큐펍,"서울특별시 강남구 테헤란로81길 51, 지상2층 (삼성동)"
(주)커피빈코리아 삼성금융플라자점,"서울특별시 강남구 테헤란로 419, 삼성금융프라자 지상1층 (삼성동)"
뮤즈,"서울특별시 강남구 테헤란로83길 41, 일신빌딩 지하1층 (삼성동)"
caf'e 거부기,"서울특별시 강남구 봉은사로84길 9, 서경빌딩 1층 (삼성동)"
난 플라워카페,"서울특별시 강남구 봉은사로 404, 1층 101호 (삼성동, 씨티라이프61)"
힐링테이블,"서울특별시 강남구 봉은사로 637, 2층 202호 (삼성동)"
카페아레테(Cafe Arete),"서울특별시 강남구 삼성로96길 20, 지하1층, 지상2층 (삼성동)"
두잉 사회적협동조합,"서울특별시 강남구 삼성로 654, 지하1층 B01호 (삼성동)"
청담오뎅,"서울특별시 강남구 선릉로 660, 1층 F114호 (삼성동)"
폴리스 파르나스몰점,"서울특별시 강남구 테헤란로 521, 지하1층 F-13호 (삼성동, 파르나스몰)"
히가시노,"서울특별시 강남구 봉은사로78길 13, 지상1층 (삼성동)"
누메아커피바(Noumea Coffee Bar),"서울특별시 강남구 봉은사로73길 47, 1층 101호 (삼성동)"
멘야미코,"서울특별시 강남구 삼성로 642, 1층 103호 (삼성동)"
코인커피,"서울특별시 강남구 테헤란로79길 9, 지상1층 (삼성동)"
메이더블유 커피앤티,"서울특별시 강남구 영동대로106길 5, 1층 (삼성동)"
라프레타,"서울특별시 강남구 봉은사로 410, 지하3층 (삼성동, 라마다서울호텔)"
카페 강남방,"서울특별시 강남구 봉은사로71길 12, 1층 (삼성동)"
오더(Order),"서울특별시 강남구 봉은사로82길 27, 지상1층 (삼성동)"
맛나,"서울특별시 강남구 테헤란로107길 11, 성보타운 1층 102호 (삼성동)"
타다이마,"서울특별시 강남구 삼성로 546, 백영빌딩 지상1층 102호 (삼성동)"
그때그집별관,"서울특별시 강남구 삼성로100길 16, 한화빌딩 1층 (삼성동)"
비에이치씨 삼성점,"서울특별시 강남구 영동대로 611, Chan&Chan Tower 지상1층,지상2층 (삼성동)"
투도우(2DOUGH),"서울특별시 강남구 봉은사로 449, 지하2층,지상1층,지상17층 (삼성동)"
반포식스 선릉역점,"서울특별시 강남구 선릉로 518, 지상2층,지상3층 (삼성동)"
제주 은희네 해장국,"서울특별시 강남구 삼성로91길 28, 지상1층 (삼성동, 씨에스 빌딩)"
뽕사부 삼성점,"서울특별시 강남구 삼성로104길 16, 1층 (삼성동)"
뱅따,"서울특별시 강남구 선릉로108길 53, 2층 (삼성동)"
(주)스타럭스 상까스& 상화교자 공항터미널앞점,"서울특별시 강남구 테헤란로87길 17, 1층 101호 (삼성동, 마젤란21아스테리움)"
이향,"서울특별시 강남구 테헤란로81길 30, 지상1층 (삼성동)"
KFC 코엑스몰,"서울특별시 강남구 영동대로 513, 지하1층 H102호 (삼성동, 코엑스기존컨벤션센터)"
이향2,"서울특별시 강남구 테헤란로81길 30, 2층 (삼성동)"
간코블랙 현대무역센터점,"서울특별시 강남구 테헤란로 517, 지하1층 (삼성동, 현대백화점 무역센터점)"
종로화덕,"서울특별시 강남구 봉은사로 504, 지상1,2층 (삼성동)"
스시효 무역점,"서울특별시 강남구 테헤란로 517, 지상10층 (삼성동, 현대백화점)"
두마리찜닭 두찜 삼성점,"서울특별시 강남구 영동대로96길 37, 1층 104호 (삼성동)"
진맛과카페 강남구청직영점,"서울특별시 강남구 삼성로119길 43, 지상1층 (삼성동)"
ST Bar(에스티바),"서울특별시 강남구 삼성로95길 14, 2층 (삼성동)"
170,"서울특별시 강남구 학동로56길 37, 지상1층 (삼성동)"
어텀,"서울특별시 강남구 삼성로96길 15, 지하1층 (삼성동)"
완산골명가 강남구청역점,서울특별시 강남구 선릉로 664 (삼성동)
잇쇼우,"서울특별시 강남구 선릉로 524, 1층 109호 (삼성동, 선릉대림아크로텔)"
3일소고기국밥,"서울특별시 강남구 봉은사로63길 3, 1층 (삼성동)"
세이로켄마,"서울특별시 강남구 테헤란로81길 48, 1층 (삼성동)"
고봉삼계탕(코엑스점),"서울특별시 강남구 영동대로 513, 지하1층 K109호 (삼성동, 코엑스)"
죽 이야기(코엑스점),"서울특별시 강남구 테헤란로87길 46, 지하2층 2A11호 (삼성동, 호텔오크우드프리미어)"
예스터데이즈 곤 Yesterday's Gone,"서울특별시 강남구 삼성로104길 11, 지상2층 (삼성동)"
해초록 사랑,"서울특별시 강남구 삼성로 539 (삼성동,지하1층)"
(주)소노인터내셔널 삼성지점,"서울특별시 강남구 테헤란로87길 22, 지상3층 (삼성동, 한국도심공항터미널)"
육성급,"서울특별시 강남구 테헤란로79길 25, 1층 (삼성동)"
우마쿠라,"서울특별시 강남구 선릉로100길 54 (삼성동,1층)"
커피메이트,"서울특별시 강남구 테헤란로113길 7, 1층 (삼성동)"
사이드에이,"서울특별시 강남구 봉은사로 507, 지하1층 B104호 (삼성동, 우림보보카운티)"
최우영 식당 삼성점,"서울특별시 강남구 선릉로 620, 1층 (삼성동)"
벨지움,"서울특별시 강남구 테헤란로83길 20, 지하1층 (삼성동)"
카페 이레,"서울특별시 강남구 영동대로96길 37, 1층 105호 (삼성동)"
아메리칸테이블,"서울특별시 강남구 영동대로112길 66, 1층 (삼성동)"
사또족발,서울특별시 강남구 봉은사로 478 (삼성동)
zip(집),"서울특별시 강남구 봉은사로68길 6-3, 지상1층 101호 (삼성동)"
솜사탕,"서울특별시 강남구 삼성로104길 14, 지상2층 (삼성동)"
그랜드 인터컨티넨탈 서울 파르나스,서울특별시 강남구 테헤란로 521 (삼성동)
막끌리네,"서울특별시 강남구 삼성로104길 17 (삼성동, 지하1층)"
(주)토종맛집,"서울특별시 강남구 테헤란로83길 14, 지하1층 B104호,B105호 (삼성동, 두산위브센티움)"
맥주창고,"서울특별시 강남구 선릉로94길 3 (삼성동, 지하1층)"
오징어세상,"서울특별시 강남구 삼성로96길 15 (삼성동,지상1층)"
켈리스커피,"서울특별시 강남구 선릉로 608 (삼성동,지하1층)"
강성환차이나,"서울특별시 강남구 삼성로91길 28, 지상2층 (삼성동)"
치폴라로쏘 삼성본점,"서울특별시 강남구 영동대로114길 5, 지하2층 (삼성동)"
쿄토푸서울(주),"서울특별시 강남구 테헤란로 517, 지하1층 (삼성동)"
오시오,서울특별시 강남구 영동대로128길 15 (삼성동)
란주쿠,"서울특별시 강남구 봉은사로82길 31 (삼성동,지상1층)"
장고 식당,"서울특별시 강남구 테헤란로69길 8, 지상 1층 (삼성동)"
경천애인2237,"서울특별시 강남구 테헤란로 421, 지상3층 (삼성동, 암천빌딩)"
요란,서울특별시 강남구 봉은사로 422 (삼성동)
클래식,"서울특별시 강남구 테헤란로81길 10, 지하1층 (삼성동)"
킹크랩대게 한상,"서울특별시 강남구 봉은사로 634, 지상1층 (삼성동, 20TOWER)"
먹어도 돼지,"서울특별시 강남구 학동로56길 32, 지하1층 (삼성동)"
이디야커피 삼성한전점,"서울특별시 강남구 테헤란로107길 11 (삼성동,지상1층105호)"
설성목장,"서울특별시 강남구 학동로68길 7, 1층 109호 (삼성동)"
삼성동  보쌈,"서울특별시 강남구 삼성로111길 7, 지하1층 (삼성동)"
골목찌개집,"서울특별시 강남구 삼성로95길 35 (삼성동,지상1층)"
닝교초 식당,"서울특별시 강남구 테헤란로87길 46 (삼성동, 오크우드호텔지하1층1B8호)"
전주순대,서울특별시 강남구 테헤란로69길 10 (삼성동)
본도시락봉은사역점,서울특별시 강남구 봉은사로108길 5 (삼성동)
돌장각,"서울특별시 강남구 테헤란로 517, 지하1층 (삼성동, 현대백화점)"
온드린,"서울특별시 강남구 테헤란로 517, 지하1층 (삼성동)"
팝업스토어(POP UP STORE),"서울특별시 강남구 테헤란로 517, 지하1층 (삼성동, 현대백화점)"
이태리국시,"서울특별시 강남구 테헤란로 517, 지하1층 (삼성동)"
한솔냉면,"서울특별시 강남구 테헤란로 517, 지하1층 (삼성동)"
전주선비빔,"서울특별시 강남구 테헤란로 517, 지하1층 (삼성동)"
메이루,"서울특별시 강남구 테헤란로 517, 지하1층 (삼성동, 현대백화점)"
돈까스1985,"서울특별시 강남구 테헤란로 517, 지하1층 (삼성동)"
유쿡,"서울특별시 강남구 선릉로 524, 110호 (삼성동, 선릉대림아크로텔)"
대박생고기전문,"서울특별시 강남구 삼성로103길 11 (삼성동,지상1층)"
한솥도시락 삼성동에이아이디점,서울특별시 강남구 봉은사로 467 (삼성동)
건강밥상,"서울특별시 강남구 테헤란로 517, 지하1층 (삼성동)"
면요리 연구소,"서울특별시 강남구 테헤란로 517, 지하1층 (삼성동)"
맑은 바닷가,"서울특별시 강남구 선릉로112길 14, 지상 1층 (삼성동)"
한방정통삼계탕,서울특별시 강남구 테헤란로81길 35 (삼성동)
이곧,"서울특별시 강남구 선릉로122길 8 (삼성동,지상1층)"
요.섹.남.여,"서울특별시 강남구 테헤란로63길 9, 지상2층 203호 (삼성동)"
마초갈비,"서울특별시 강남구 삼성로96길 7, 지상1층 (삼성동)"
숫돌,"서울특별시 강남구 삼성로 517, 지상1층 104호 (삼성동, 채널리저브)"
배떡 선릉점,"서울특별시 강남구 삼성로95길 15, 천해빌딩 지하1층 (삼성동)"
사일오,"서울특별시 강남구 삼성로104길 21, 지상3층 (삼성동)"
골드스카이캐슬,"서울특별시 강남구 삼성로95길 33, 지상1층 (삼성동)"
이비티코엑스점(ebt코엑스점),"서울특별시 강남구 영동대로 513, 코엑스 지하1층 I103호 (삼성동)"
카페쎄미 코엑스점,"서울특별시 강남구 영동대로 513, 코엑스 지하1층 D101A호 (삼성동)"
클로리스 삼성중앙역점,"서울특별시 강남구 봉은사로 502, 삼하빌딩 지상1층 101호 (삼성동)"
페리지(PERIGEE),"서울특별시 강남구 봉은사로68길 6-5, 지상1층 (삼성동)"
달밤키친,"서울특별시 강남구 봉은사로 466, 백우빌딩 지상1층 101호 (삼성동)"
삼성가,"서울특별시 강남구 영동대로106길 29, 세요빌딩 지상1층 102호 (삼성동)"
시크릿스페이스,"서울특별시 강남구 삼성로 540, 빌딩 브로모 지하1층 (삼성동)"
그때 그 닭발 1988 그리고 꼬리족발,"서울특별시 강남구 삼성로103길 32, 지상5층 (삼성동)"
달떡볶이,"서울특별시 강남구 선릉로 660, 지하1층 B110,B111호, 주방10호 (삼성동, 브라운스톤 레전드)"
도미노피자 삼성점,"서울특별시 강남구 봉은사로 451, 지상1층 101호 (삼성동)"
최고야2,"서울특별시 강남구 삼성로100길 23-2, 지상2층 (삼성동)"
오한수 우육면가 선릉2호점,"서울특별시 강남구 선릉로 514, 성원타워 지하1층 106호 (삼성동)"
제이하우스 위스키바(J house whisky bar),"서울특별시 강남구 테헤란로81길 58-4, 1층 (삼성동)"
엔살라다(ensalada),"서울특별시 강남구 선릉로 524, 선릉대림아크로텔 지상1층 104호 (삼성동)"
마이니치라멘 선정릉점,"서울특별시 강남구 봉은사로61길 17, 지상1층 우측호 (삼성동)"
엄마의 부엌,"서울특별시 강남구 삼성로 571, 케이빌딩 지하1층 6호 (삼성동)"
래빗고,"서울특별시 강남구 선릉로 660, 1층 F112호 일부호 (삼성동, 브라운스톤 레전드)"
래빗파머스,"서울특별시 강남구 선릉로 660, 1층 F112호  일부호 (삼성동, 브라운스톤 레전드)"
시마스시,"서울특별시 강남구 영동대로 513, 코엑스 지하1층 I113호 (삼성동)"
소공동 뚝배기집,"서울특별시 강남구 테헤란로87길 21, 동성빌딩 지하1층 (삼성동)"
푸에르코 삼성,"서울특별시 강남구 테헤란로87길 35, 씨엔드에치빌딩 지상2층 (삼성동)"
(주)커피빈코리아 삼성봉은사로점,"서울특별시 강남구 봉은사로 628, ELSON빌딩 1층 (삼성동)"
전우소고기해장국,"서울특별시 강남구 테헤란로81길 46-3, 지상1층 (삼성동)"
반포식스 딜리버리 삼성점,"서울특별시 강남구 삼성로96길 7, 1층 (삼성동)"
반포식스 포스코사거리점,"서울특별시 강남구 삼성로96길 7, 지상1층 (삼성동)"
베비스토어 삼성점,"서울특별시 강남구 테헤란로83길 11, 지하2층 주방12호 (삼성동)"
자매분식,"서울특별시 강남구 삼성로103길 12, 지상1층 128호,132호,133호 (삼성동, 신도브래뉴주상복합)"
피키이터 삼성점,"서울특별시 강남구 영동대로112길 15, 상가동 지하1층 (삼성동, 풍림아파트)"
바나프레소 삼성중앙역점,"서울특별시 강남구 봉은사로 479, 1층 (삼성동)"
스시타,"서울특별시 강남구 삼성로119길 8, 2층 203호 (삼성동)"
소담골,"서울특별시 강남구 봉은사로114길 30-5, 평화빌딩 1층 (삼성동)"
빕스 얌 딜리버리 삼성점,"서울특별시 강남구 테헤란로83길 11, 지하2층 제B201호 주방10호, 11호 (삼성동)"
영희푸드,"서울특별시 강남구 테헤란로81길 56-6, 지상2층 1호 (삼성동)"
85파스타 강남본점,"서울특별시 강남구 선릉로96길 13, 지하1층 (삼성동)"
위스키 디에이(whisky theA),"서울특별시 강남구 테헤란로87길 17, 마젤란 21 아스테리움 지상1층 107호 (삼성동)"
(주)닥터로빈 삼성점,"서울특별시 강남구 삼성로 571, 케이빌딩 지하1층 5호 (삼성동)"
파스타입니다. 강남점,"서울특별시 강남구 선릉로 660, 지하1층 B110호,B111호  주방4호 (삼성동, 브라운스톤 레전드)"
오름곰탕,"서울특별시 강남구 삼성로95길 23, 남양빌딩 지상1층 (삼성동)"
세스크멘슬,"서울특별시 강남구 테헤란로 517, 현대백화점 지하1층 (삼성동)"
와인웍스 무역센터점,"서울특별시 강남구 테헤란로 517, 현대백화점 지하1층 (삼성동)"
엠티니스,"서울특별시 강남구 선릉로100길 32, 1층 101호 (삼성동)"
슐미랭삼,"서울특별시 강남구 선릉로100길 32, 1층 102호 (삼성동)"
삼백 플러스,"서울특별시 강남구 테헤란로 447, KB우준타워 지하1층 (삼성동)"
카페블라썸 (스타필드 코엑스몰점),"서울특별시 강남구 영동대로 513, 코엑스 지하1층 P-108호 (삼성동)"
화양연화,"서울특별시 강남구 테헤란로83길 31, 도선빌딩 지하1층 (삼성동)"
카페리즈,"서울특별시 강남구 봉은사로61길 31, 지상1층 101호 (삼성동, 이화빌리지)"
공이집 청담본점,"서울특별시 강남구 학동로 520, 삼예빌딩 지상1층 (삼성동)"
배스킨라빈스 파르나스몰,"서울특별시 강남구 테헤란로 521, 파르나스타워 호텔동 지하1층 R21호, R22호 (삼성동)"
헤이즈(Hayes),"서울특별시 강남구 삼성로104길 14, 준선빌딩 지상1층 102호 (삼성동)"
퍼플 케이터링,"서울특별시 강남구 봉은사로84길 22, 지상1층 제101호 (삼성동)"
열도미행 파르나스몰점,"서울특별시 강남구 테헤란로 521, 파르나스타워 지하1층 F7,8호 (삼성동)"
에프앨씨 에프앤비(FLC F&B),"서울특별시 강남구 테헤란로77길 11-13, 지하1층 101호 (삼성동)"
블루보틀커피코리아 삼성,"서울특별시 강남구 테헤란로 517, 현대백화점 지상1층 (삼성동)"
안셰프 패밀리,"서울특별시 강남구 봉은사로114길 12, 대웅제약빌딩 별관동 지하2층 (삼성동)"
수미돈,"서울특별시 강남구 삼성로103길 12, 지상1층 106호 (삼성동, 신도브래뉴주상복합)"
쉐이크쉑 코엑스점,"서울특별시 강남구 영동대로 513, 코엑스 지하1층 (삼성동)"
디오비랩,"서울특별시 강남구 선릉로108길 5, 지상1층 (삼성동)"
미나다,"서울특별시 강남구 선릉로 514, 성원타워 지하1층 110,111호 (삼성동)"
맛자랑,"서울특별시 강남구 선릉로 524, 선릉대림아크로텔 지상1층 107호 (삼성동)"
누누커피 NUNUCOFFEE,"서울특별시 강남구 테헤란로87길 58, 컨벤션별관 지하2층 2A15호 (삼성동)"
라프레타,"서울특별시 강남구 봉은사로 410, 라마다서울호텔 지하3층, 지하중3층 (삼성동)"
고피자 삼성1호점,"서울특별시 강남구 봉은사로63길 14, 지상1층 (삼성동)"
브루(vrew),"서울특별시 강남구 테헤란로 423, 지상1층 101호 (삼성동, 현대타워)"
카페 더 살레 cafe The Sale,"서울특별시 강남구 테헤란로83길 11, 지하2층 B201호 주방01호 (삼성동)"
아우라엔알,"서울특별시 강남구 테헤란로77길 11-18, 창애빌딩 지하1층 (삼성동)"
인생족발&보쌈 삼성점,"서울특별시 강남구 테헤란로83길 11, 지하1층 제비101호 주방7-1호 (삼성동)"
카페 드 리옹,"서울특별시 강남구 영동대로 513, 코엑스 지하1층 I105호 (삼성동)"
슐미랭삼,"서울특별시 강남구 봉은사로82길 31, 예논빌딩 지상2층 (삼성동)"
힘(HIM),"서울특별시 강남구 영동대로114길 10, 삼성빌딩 지상1층 (삼성동)"
샤블랑157,"서울특별시 강남구 테헤란로83길 11, 지상2층 201호 (삼성동)"
가득드림 부페,"서울특별시 강남구 봉은사로112길 27, 지하1층 (삼성동)"
음악담요,"서울특별시 강남구 삼성로 539, 초록빌딩 지상3층 (삼성동)"
노릇노릇,"서울특별시 강남구 삼성로 539, 초록빌딩 지상2층 (삼성동)"
플로라,"서울특별시 강남구 삼성로107길 6, 지상1층 (삼성동)"
우육미엔 현대무역점,"서울특별시 강남구 테헤란로 517, 현대백화점 무역센터점 지하1층 (삼성동)"
愛,"서울특별시 강남구 선릉로92길 6, 지상1층 (삼성동)"
불고기브라더스 도시락점방 스타필드 코엑스점,"서울특별시 강남구 영동대로 513, 스타필드 코엑스몰 지하1층 J111호 (삼성동)"
152st(에스티),"서울특별시 강남구 테헤란로81길 62-1, 지상2층 (삼성동)"
더 더치 치즈앤모어,"서울특별시 강남구 선릉로 660, 지상1층 에프108호 (삼성동, 브라운스톤 레전드)"
포타커피,"서울특별시 강남구 삼성로 550, 은성빌딩 지상1층 (삼성동)"
달콤서준 삼성직영점,"서울특별시 강남구 테헤란로83길 11, 지하1층 제비101호 주방08-1호 (삼성동)"
케이에스로얄컴퍼니,"서울특별시 강남구 봉은사로 415, 청림빌딩 지하1층 주방 4호 (삼성동)"
타이거 레어(Tiger lair),"서울특별시 강남구 삼성로104길 12, 윤빈빌딩 지하1층 (삼성동)"
cafe 155,"서울특별시 강남구 삼성로100길 12, 지상1층 (삼성동)"
꼰티꼬(Contigo),"서울특별시 강남구 삼성로100길 12, 지상7층 (삼성동)"
제주은갈치김밥,"서울특별시 강남구 테헤란로83길 11, 지하1층 제비101호 주방5호 (삼성동)"
풀향기,"서울특별시 강남구 영동대로 510, 삼성빌딩 지상2층 201호 (삼성동)"
팀스완에프엔비,"서울특별시 강남구 테헤란로83길 11, 제지하2층 제비201호 주방4호 (삼성동)"
롤썸 현대무역센터점,"서울특별시 강남구 테헤란로 517, 현대백화점 지하1층 (삼성동)"
오규당 현대무역센터점,"서울특별시 강남구 테헤란로 517, 현대백화점 지하1층 (삼성동)"
아야(AYA),"서울특별시 강남구 테헤란로 517, 현대백화점 지하1층 (삼성동)"
주주마마 코엑스점,"서울특별시 강남구 영동대로 513, 스타필드 코엑스몰  지하1층 I-114호 (삼성동)"
스폰티니 삼성중앙점,"서울특별시 강남구 삼성로 550, 은성빌딩 지상1층 (삼성동)"
클림트 삼성점,"서울특별시 강남구 삼성로96길 27, 진솔빌딩 지상1층 (삼성동)"
깐부치킨 삼성1동점,"서울특별시 강남구 영동대로112길 9, 제일빌딩 지상1층 103호 (삼성동)"
멕시칸라이브그릴,"서울특별시 강남구 삼성로 571, 케이빌딩 지하1층 15호 (삼성동)"
뀨카페,"서울특별시 강남구 봉은사로55길 14, 지상1층 (삼성동)"
커리인,"서울특별시 강남구 영동대로96길 37, 지상1층 102호 (삼성동)"
제이쏨,"서울특별시 강남구 봉은사로74길 36, 지상1층 101호 (삼성동)"
브루 커피 삼성공항터미널점,"서울특별시 강남구 테헤란로87길 57, 감령빌딩 지상1,2층 (삼성동)"
아우정,"서울특별시 강남구 테헤란로87길 45, 보현빌딩 지상1층, 2층 (삼성동)"
37.5 청담 삼성점,"서울특별시 강남구 삼성로119길 8, 강남대학교 청담 카이로스 빌딩 지상2층 204호 (삼성동)"
더치즈샵,"서울특별시 강남구 선릉로 660, 지상1층 F111호 (삼성동, 브라운스톤 레전드)"
(주)알피스페이스 카페엠,"서울특별시 강남구 삼성로 634, 지상1층 (삼성동)"
청담역2번출구,"서울특별시 강남구 영동대로 647, 청담역 푸르지오시티 지상1층 105호 (삼성동)"
호우섬 코엑스점,"서울특별시 강남구 영동대로 513, 스타필드 코엑스몰 B1층 I110호 (삼성동)"
남도회집이어요,"서울특별시 강남구 영동대로112길 9, 제일빌딩 지상1층 5호 (삼성동)"
메종바이닝,"서울특별시 강남구 봉은사로61길 43, 지상1층 (삼성동)"
얌샘김밥 선릉역점,"서울특별시 강남구 테헤란로63길 9, 1층 103호 (삼성동)"
(주)커피빈코리아 선릉KSA한국표준협회점,"서울특별시 강남구 테헤란로69길 5, 지상1층 (삼성동)"
사이공핫팟,"서울특별시 강남구 선릉로130길 57, 지하1층 1,2,3호 (삼성동)"
베리블레스,"서울특별시 강남구 학동로68길 7, 삼성동힐스테이트 1층 104호 (삼성동)"
(주)커피빈코리아 삼성로점,"서울특별시 강남구 삼성로 551, 1,2층 (삼성동)"
지코바 삼성1호점,"서울특별시 강남구 삼성로115길 42, 지상1층 101호 (삼성동)"
(주)커피빈코리아삼성봉은사거리점,"서울특별시 강남구 영동대로 607, 랜드마크빌딩 지상1,2층 (삼성동)"
(주)커피빈코리아 공항터미널앞점,"서울특별시 강남구 테헤란로87길 17, 마젤란 21 아스테리움 지상1층 102호 (삼성동)"
강남한우정육식당 삼성동지점,"서울특별시 강남구 삼성로 546, 백영빌딩 지상1층 (삼성동)"
신안동찜닭,"서울특별시 강남구 영동대로 513, 스타필드 코엑스몰 지하1층 Q-102호 (삼성동)"
슈퍼막셰(무역센터점),"서울특별시 강남구 테헤란로 517, 현대백화점 무역센터점 지하1층 (삼성동)"
커피만(COFFEEMANN),"서울특별시 강남구 선릉로112길 31, 2층 201호 (삼성동)"
베르문도,"서울특별시 강남구 봉은사로 434, 석수빌딩 지상1층 (삼성동)"
도시락 카페,"서울특별시 강남구 봉은사로114길 42, 지상2층 201호 (삼성동)"
앙마꼬치,"서울특별시 강남구 봉은사로 467, 세창빌딩 지상1층 (삼성동)"
우연(WOO yeon),"서울특별시 강남구 선릉로120길 26, 지상1층 (삼성동)"
잘차림도시락 삼성점,"서울특별시 강남구 선릉로 514, 성원타워 지하1층 115호 (삼성동)"
신촌,"서울특별시 강남구 봉은사로82길 25, 지상1층 101호 (삼성동)"
(주)바토스파르나스몰,"서울특별시 강남구 테헤란로 521, 파르나스타워 지하1층 F-25호 (삼성동)"
브레드바이,"서울특별시 강남구 봉은사로68길 8, DECKS 빌딩 지하1층 (삼성동)"
언더프레셔,"서울특별시 강남구 영동대로106길 37, 지상1층 (삼성동)"
반포식스 딜리버리 선릉점,"서울특별시 강남구 선릉로 518, 지상2,3층 (삼성동)"
블랑34,"서울특별시 강남구 선릉로100길 34, 지하1층 (삼성동)"
무삥과 팟타이,"서울특별시 강남구 삼성로96길 26-12, 조영빌딩 지상1,2층 (삼성동)"
딤딤섬 파르나스몰점,"서울특별시 강남구 테헤란로 521, 파르나스타워 지하1층 F-2A호 (삼성동)"
(주)김돈이,서울특별시 강남구 선릉로94길 9 (삼성동)
아오끼,"서울특별시 강남구 선릉로100길 30 (삼성동,지상1층)"
황소곱창,"서울특별시 강남구 봉은사로82길 16 (삼성동,지상1층)"
육회왕자연어공주 코엑스삼성역점,"서울특별시 강남구 삼성로96길 11, 지상2층 (삼성동)"
왕푸징마라탕 무역센터점,"서울특별시 강남구 테헤란로 517, 현대백화점 지하1층 (삼성동)"
유리카모메선릉식당,"서울특별시 강남구 삼성로95길 24, 지상1층 102호 (삼성동)"
바이킹스 워프 코엑스점,"서울특별시 강남구 영동대로 513, 코엑스 2층 (삼성동)"
해우리 선릉L7점,서울특별시 강남구 테헤란로 415 (주)호텔롯데 L7 강남 지하1층 (삼성동)
커피디투,"서울특별시 강남구 봉은사로 445, 1층 (삼성동)"
미스터 돌쇠,서울특별시 강남구 봉은사로114길 42 (삼성동)
리커피 로스터스(Re coffee roasters),"서울특별시 강남구 봉은사로114길 42, 지상1층 103호 (삼성동)"
스마트픽,"서울특별시 강남구 테헤란로81길 56-6, 지상2층 2호 (삼성동)"
빠싸주 20 (Passage 20),"서울특별시 강남구 선릉로130길 57, 옥탑층 (삼성동)"
보강,"서울특별시 강남구 영동대로 647, 청담역 푸르지오시티 지상1층 101,102,103호 (삼성동)"
카츠8 파르나스몰점,"서울특별시 강남구 테헤란로 521, 파르나스타워 지하1층 F-21호 (삼성동)"
통인스윗(Tongin Sweet),"서울특별시 강남구 테헤란로 517, 현대백화점 지하1층 (삼성동)"
비마이플라워,"서울특별시 강남구 테헤란로81길 62-1, 지상1층 (삼성동)"
대동어지도,"서울특별시 강남구 테헤란로 423, 지하1층 105호 (삼성동, 현대타워)"
상아참치,"서울특별시 강남구 삼성로 651, 상가동 지하1층 B08호 (삼성동, 래미안 라클래시)"
카페필로스,"서울특별시 강남구 영동대로 513, 코엑스아티움 지상5층 (삼성동)"
에르빈,"서울특별시 강남구 봉은사로72길 13-1, 지하1층 (삼성동)"
달크랩,"서울특별시 강남구 테헤란로 517, 현대백화점 지하1층 (삼성동)"
뎅야 Dengya,"서울특별시 강남구 선릉로120길 14, 지상1층 (삼성동)"
마스터 에프앤비 강남구청점,"서울특별시 강남구 선릉로 660, 지하1층 11호 (삼성동, 브라운스톤 레전드)"
남해회집,"서울특별시 강남구 봉은사로74길 5, 지상1층 101호 (삼성동, 현대빌라트)"
스시 하쿠샤,"서울특별시 강남구 테헤란로81길 58-4, 지상2층 (삼성동)"
매드쉐프떡볶이 강남구청점,"서울특별시 강남구 선릉로 660, 지하1층 B110,B111호 주방2호 (삼성동, 브라운스톤 레전드)"
세이레스커피(SAYLESS),"서울특별시 강남구 봉은사로68길 11, 지상1층 102호 (삼성동)"
곱창과 순대국,"서울특별시 강남구 봉은사로114길 42, 지상1층 101호 (삼성동)"
청담이상블랙 삼성로점,"서울특별시 강남구 삼성로 519, 원혜빌딩 지상2층 (삼성동)"
수퍼 강남구청점,"서울특별시 강남구 학동로56길 33, 지상1층 (삼성동)"
마차이짬뽕 삼성점,"서울특별시 강남구 봉은사로 415, 청림빌딩 지하1층 주방8호 (삼성동)"
블렌드이지(BLENDEASY),"서울특별시 강남구 테헤란로83길 11, 지하2층 제비201호 18호 (삼성동)"
좋아해,"서울특별시 강남구 봉은사로67길 38, 지상1층 101호 (삼성동, 우성빌)"
매드포갈릭 딜리버리 강남구청점,"서울특별시 강남구 선릉로 660, 지하1층 B110호,B111호 주방8호 (삼성동, 브라운스톤 레전드)"
요리갬성,"서울특별시 강남구 테헤란로83길 11, 지하2층 비201호 주방6호 (삼성동)"
비앙57 Bien57,"서울특별시 강남구 선릉로130길 57, 지상1층 33호,34호 (삼성동)"
꾸덕꾸덕,"서울특별시 강남구 삼성로 571, 케이빌딩 지하1층 7호 (삼성동)"
1.2.3,"서울특별시 강남구 봉은사로68길 35, 지하1층 (삼성동)"
탄탄면공방,"서울특별시 강남구 테헤란로 521, 파르나스타워 지하1층 F-22호 (삼성동)"
치즈룸×멜팅샵 파르나스몰점,"서울특별시 강남구 테헤란로 521, 파르나스타워 지하1층 F-1호 (삼성동)"
진(珍)양재순대(삼성점),"서울특별시 강남구 봉은사로114길 38, 경인빌딩 103호 (삼성동)"
스시츠카무 파르나스몰점,"서울특별시 강남구 테헤란로 521, 파르나스타워 지하1층 F-20호 (삼성동)"
가족회관 현대백화점무역센터점,"서울특별시 강남구 테헤란로 517, 현대백화점 지상10층 (삼성동)"
부산아지매국밥 삼성중앙점,"서울특별시 강남구 삼성로 517, 지상1층 111호 (삼성동, 채널리저브)"
비비큐 삼성역점,"서울특별시 강남구 삼성로103길 12, 지상1층 140호 (삼성동, 신도브래뉴주상복합)"
도명골 청국장,"서울특별시 강남구 봉은사로114길 38, 경인빌딩 1층 101호 (삼성동)"
세광양대창 삼성점,"서울특별시 강남구 테헤란로83길 29, 지상2층 (삼성동)"
리츠빈,"서울특별시 강남구 테헤란로81길 52-4, 지상1,2층 (삼성동)"
직화한상 스타필드코엑스몰점,"서울특별시 강남구 영동대로 513, 코엑스 지하1층 O-107호 (삼성동)"
선샤인 카페 SUNSHINE CAFE,"서울특별시 강남구 봉은사로82길 30, 지상1층 101호 (삼성동)"
더코스트엠(The cost M),"서울특별시 강남구 테헤란로83길 42, 지상1층 (삼성동)"
에그슬럿 코엑스점,"서울특별시 강남구 영동대로 513, 코엑스 지하1층 A101호 (삼성동)"
흑돈가,"서울특별시 강남구 봉은사로86길 14, 신정인터네셔널 지상1층,지상2층 (삼성동)"
광화문석갈비 코엑스점,"서울특별시 강남구 테헤란로87길 22, 한국도심공항터미널 지상1층 R002호 (삼성동)"
쿠캣마켓,"서울특별시 강남구 영동대로 513, 스타필드 코엑스 지하1층 H103호 (삼성동)"
(주)엠에프지코리아 매드포갈릭 봉은사아이파크타워점,"서울특별시 강남구 영동대로 520, 아이파크타워 지하1층 (삼성동)"
셰프의 마초보쌈,"서울특별시 강남구 테헤란로81길 56-6, 지하1층 1호 (삼성동)"
홀릭,"서울특별시 강남구 테헤란로83길 18, 지하1층 (삼성동)"
청춘당 꽈배기 & 카페,"서울특별시 강남구 선릉로 636, 지상1층 103호 (삼성동)"
교촌치킨 삼성1호,"서울특별시 강남구 봉은사로 451, 지상1층 102호 (삼성동)"
김명자굴국밥삼성점,"서울특별시 강남구 삼성로96길 9, 대린빌딩 지하1층 (삼성동)"
플렉스 FLEX,"서울특별시 강남구 삼성로104길 15, 지하1층 (삼성동)"
더펍 비스트로,"서울특별시 강남구 삼성로108길 23, 지상1층 (삼성동)"
칸,"서울특별시 강남구 봉은사로 610 (삼성동,지하1층)"
소문난집,"서울특별시 강남구 선릉로 664 (삼성동,지상1층)"
성가네큰집추어탕,"서울특별시 강남구 테헤란로113길 15 (삼성동,지상1층)"
신포우리만두코엑스점,"서울특별시 강남구 영동대로 511 (삼성동,(매장번호C6))"
집으로 간 대게,"서울특별시 강남구 영동대로128길 15, 지하1층 5,6,7호 (삼성동, 홍실상가)"
레드바삭,"서울특별시 강남구 삼성로 517 (삼성동,채널리저브102호)"
경복궁블랙오크우드점,"서울특별시 강남구 테헤란로87길 46, 1층 (삼성동)"
삼성국수,"서울특별시 강남구 영동대로 611, 지하1층 (삼성동, Chan&Chan Tower)"
도원style무역센터점,"서울특별시 강남구 테헤란로 517, 현대백화점 지상10층 (삼성동)"
여유돼지,"서울특별시 강남구 선릉로112길 26 (삼성동,지상1층)"
얌샘김밥,"서울특별시 강남구 테헤란로87길 17, 1층 106호 (삼성동, 마젤란21아스테리움)"
웨스트사이공,"서울특별시 강남구 영동대로 511 (삼성동,159-1,2. 코엑스몰A-18지하1,2층)"
한우투뿔,"서울특별시 강남구 봉은사로 420, 지하1층 (삼성동)"
윤화식당,"서울특별시 강남구 삼성로 517 (삼성동,채널리저브 113호)"
혜교,"서울특별시 강남구 삼성로 626 (삼성동,지상1,2층)"
명인등심,"서울특별시 강남구 봉은사로86길 30, 지상3층 (삼성동)"
본가식당,서울특별시 강남구 선릉로96길 13 (삼성동)
남원추어탕,"서울특별시 강남구 테헤란로69길 16 (삼성동,한성빌딩 102호)"
양천지식당,"서울특별시 강남구 영동대로128길 15, 지하1층 14호 (삼성동, 홍실상가)"
일치프리아니 현대무역센터점,"서울특별시 강남구 테헤란로 517, 지상10층 (삼성동, 현대백화점)"
진도식당,"서울특별시 강남구 선릉로 514 (삼성동,성원빌딩지하5호)"
닭으로 가 삼성코엑스점,"서울특별시 강남구 테헤란로83길 51 (삼성동,지상1층)"
포아(poar),서울특별시 강남구 테헤란로81길 46 (삼성동)
카페센티모르,"서울특별시 강남구 삼성로 562, 지상1층 (삼성동)"
비비도프,"서울특별시 강남구 봉은사로86길 6, 지하1층 (삼성동, 레베쌍트)"
비바라크레페(VIVA LA CREPE),"서울특별시 강남구 테헤란로 505, 지상1층 (삼성동)"
붓처스컷삼성점,"서울특별시 강남구 테헤란로87길 17, 지하1층 B101~B104호 (삼성동, 마젤란21아스테리움)"
동대문수궁,"서울특별시 강남구 봉은사로97길 4 (삼성동,지상2층)"
우정,"서울특별시 강남구 봉은사로67길 5, 지상1층 (삼성동)"
초가집,"서울특별시 강남구 봉은사로74길 18, 1층 (삼성동)"
(주)팬텀1574,"서울특별시 강남구 테헤란로81길 9, 지하1층 (삼성동, 대천빌딩)"
옛날명동칼국수,"서울특별시 강남구 삼성로95길 14 (삼성동,지하1층)"
꽃보다 등심,"서울특별시 강남구 테헤란로77길 23, 1층 (삼성동)"
오늘통닭 선릉점,"서울특별시 강남구 테헤란로63길 12 (삼성동,선능애클라트B동지상1층103,104호)"
생선지존 진땡이,"서울특별시 강남구 영동대로106길 41, 1층 (삼성동)"
씽크씽크,"서울특별시 강남구 봉은사로68길 19 (삼성동,지상2층)"
상상돈가츠 코엑스점,"서울특별시 강남구 테헤란로87길 36, 지하1층 B15호 (삼성동)"
24시  골목찌개집,"서울특별시 강남구 테헤란로77길 11-11 (삼성동,지상1층)"
인기명,"서울특별시 강남구 봉은사로84길 30, 1, 2층 (삼성동)"
리빠똥,"서울특별시 강남구 영동대로112길 51 (삼성동,지상1층)"
"나주육곱식당, 커피 플리즈","서울특별시 강남구 선릉로92길 11, 지상1층 101호 (삼성동)"
막썰이회30000,서울특별시 강남구 봉은사로78길 31 (삼성동)
밥상은보약,"서울특별시 강남구 삼성로 517 (삼성동,채널리저브 지하1층 B103호)"
레몬도시락,"서울특별시 강남구 삼성로 517, 지하1층 B112호 (삼성동, 채널리저브 상가)"
피카소,서울특별시 강남구 영동대로106길 38 (삼성동)
서해쭈꾸미,서울특별시 강남구 봉은사로114길 42 (삼성동)
상아,"서울특별시 강남구 학동로82길 15 (삼성동,지상1층)"
화평,"서울특별시 강남구 삼성로 654, 지상1층 108, 109, 110호 (삼성동)"
일미쌈밥,서울특별시 강남구 봉은사로114길 42 (삼성동)
청담면옥,서울특별시 강남구 선릉로 664 (삼성동)
우츠와,서울특별시 강남구 학동로56길 32 (삼성동)
현대이모네2,서울특별시 강남구 봉은사로114길 42 (삼성동)
벨버드,"서울특별시 강남구 영동대로 647 (삼성동,,3)"
두루치기 유선생,서울특별시 강남구 봉은사로114길 42 (삼성동)
삼환,"서울특별시 강남구 영동대로112길 10 (삼성동,외2필지)"
브래서리,"서울특별시 강남구 봉은사로 524, 1층 (삼성동, 인터컨티넨탈 서울 코엑스)"
이코복스커피 주식회사 삼성점,"서울특별시 강남구 영동대로 513, 기존컨벤션센타동 지하1층 D104호 (삼성동)"
뮤직 아날로그,"서울특별시 강남구 테헤란로83길 40, 지하1층 (삼성동)"
로비바,"서울특별시 강남구 봉은사로 524, 지상1층 (삼성동, 코엑스인터컨티넨탈서울)"
로비라운지,"서울특별시 강남구 봉은사로 524, 1층 (삼성동, 인터컨티넨탈 서울 코엑스)"
노블발렌티,서울특별시 강남구 봉은사로 637 (삼성동)
더 플레이스 코엑스점,"서울특별시 강남구 영동대로 513, 지하1층 J102호 (삼성동, 코엑스기존컨벤션센터)"
카페마마스 코엑스점,"서울특별시 강남구 영동대로 517, 지하1층 p105호 (삼성동, 아셈타워)"
감빠문본점,"서울특별시 강남구 봉은사로72길 7 (삼성동,지상1층)"
뽀미에르,"서울특별시 강남구 봉은사로74길 11-11, 지하1층 (삼성동)"
예천한우 본점,"서울특별시 강남구 삼성로103길 5 (삼성동,지상1층)"
비어시티,"서울특별시 강남구 봉은사로 478 (삼성동,지상1층)"
원주추어탕,서울특별시 강남구 봉은사로 632 (삼성동)
박서방순대국밥,서울특별시 강남구 삼성로 520 (삼성동)
한라식당,서울특별시 강남구 삼성로 563 (삼성동)
베이징,서울특별시 강남구 영동대로96길 37 (삼성동)
컨버터(한시적),"서울특별시 강남구 테헤란로 517, 현대백화점 지하1층 (삼성동)"
부엌 익스프레스,"서울특별시 강남구 선릉로 660, 지하1층 B111호 12호 (삼성동, 브라운스톤 레전드)"
솔트9,"서울특별시 강남구 삼성로104길 24, 하영빌딩 지하1층 (삼성동)"
안방식당,"서울특별시 강남구 삼성로 550, 은성빌딩 지하1층 (삼성동)"
륀느(lune),"서울특별시 강남구 테헤란로81길 64-4, 지상1층,2층 (삼성동)"
슬로우캘리 Slow Cali 삼성점,"서울특별시 강남구 삼성로 517, 지상1층 110-1호 (삼성동, 채널리저브)"
피어(나이스웨더),"서울특별시 강남구 테헤란로 517, 현대백화점 지상6층 (삼성동)"
타이슈,"서울특별시 강남구 선릉로126길 6, 지상1층 (삼성동)"
에슬로우 삼성점,"서울특별시 강남구 테헤란로81길 26, 유림빌딩 지상1층 102호 (삼성동)"
치사나(Chisana),"서울특별시 강남구 봉은사로68길 11, 지상1층 101호 (삼성동)"
이엔에스씨스터즈,"서울특별시 강남구 삼성로 517, 지하2층 B201호 (삼성동, 채널리저브)"
헤븐몰,"서울특별시 강남구 영동대로115길 15, 지상1, 2층 (삼성동)"
매머드커피익스프레스삼성역현대GBC점,"서울특별시 강남구 테헤란로107길 11, 성보타운 지상1층 103호 (삼성동)"
바삭마차 현대백화점 무역센터점,"서울특별시 강남구 테헤란로 517, 현대백화점 지하1층 (삼성동)"
숙고당,"서울특별시 강남구 삼성로91길 24, 삼성동 남성빌딩 1층 101호 (삼성동)"
신라스테이 삼성 바(bar),"서울특별시 강남구 영동대로 506, 유니온타 지상19층 (삼성동)"
신라스테이 삼성 카페(cafe),"서울특별시 강남구 영동대로 506, 유니온타 지상18층 (삼성동)"
명품 다올 삼성점,"서울특별시 강남구 선릉로112길 84, 1층 (삼성동)"
호랑이 주방,"서울특별시 강남구 삼성로 571, 경산빌딩 지하1층 2호 (삼성동)"
이천가든 코엑스,"서울특별시 강남구 영동대로 513, 코엑스 지하1층 H118호 (삼성동)"
로네펠트 선릉점,"서울특별시 강남구 테헤란로69길 13, 명지빌딩 지상1층 (삼성동)"
피그인더가든 코엑스점,"서울특별시 강남구 테헤란로87길 22, 한국도심공항터미널 지상1층 R005호 (삼성동)"
앵그리치밥,"서울특별시 강남구 선릉로 514, 성원타워 지하1층 102호 (삼성동)"
청춘뷔페,"서울특별시 강남구 봉은사로108길 39, 지하1층 (삼성동)"
더베일리하우스 삼성점,"서울특별시 강남구 영동대로 506, 지상1층, 3층 (삼성동)"
이십오,"서울특별시 강남구 삼성로104길 10, 이호빌딩 지하1층 (삼성동)"
찰리스카페,"서울특별시 강남구 테헤란로83길 27, 지상1층,2층 (삼성동)"
네모오징어포스코사거리점,"서울특별시 강남구 테헤란로77길 17, 승광빌딩 지상1층 (삼성동)"
화이트(WHITE),"서울특별시 강남구 테헤란로77길 11-18, 창애빌딩 1층 (삼성동)"
플로우나인(FLOW9),"서울특별시 강남구 테헤란로79길 6, 제이에스타워 지상1층 (삼성동)"
탄두리카,"서울특별시 강남구 봉은사로74길 19, 대성 지상1층 (삼성동)"
(주)보나비 쿠차라 코엑스몰 오크우드점,"서울특별시 강남구 테헤란로87길 58, 컨벤션별관 지하2층 2A06호 (삼성동)"
(주)위드인씨앤씨,"서울특별시 강남구 영동대로115길 12, 지상2층 (삼성동)"
맛있다바다 제주 생선구이 본점,"서울특별시 강남구 봉은사로 466, 백우빌딩 1층 101호 (삼성동)"
아이언가이즈 선릉점,"서울특별시 강남구 삼성로91길 36, 지하1층 (삼성동)"
스파게티스토리,"서울특별시 강남구 삼성로 654, 지상1층 (삼성동)"
고씨떡볶이,"서울특별시 강남구 봉은사로84길 34, 지하1층 (삼성동)"
마라스쿨,"서울특별시 강남구 삼성로 571, 지하1층 8호 (삼성동)"
떡판왕,"서울특별시 강남구 테헤란로 423, 지하1층 B106호 (삼성동, 현대타워)"
르 샬레(Le Chalet),"서울특별시 강남구 삼성로104길 23, 지하1층 (삼성동)"
청춘포차,"서울특별시 강남구 봉은사로57길 8, 101호 (삼성동)"
강남칼국수,"서울특별시 강남구 영동대로 602, 지하1층 B101호102호 (삼성동, 미켈란107빌딩)"
카페 머머,"서울특별시 강남구 영동대로96길 20, 지하1층 (삼성동)"
블루라팽,"서울특별시 강남구 삼성로100길 23-9, 지하1층 (삼성동)"
허수아비돈까스,서울특별시 강남구 봉은사로108길 19 (삼성동)
한종호의 죽여주는 김치찜,"서울특별시 강남구 영동대로 511 (삼성동,코엑스몰 지하1층)"
대범천,서울특별시 강남구 선릉로 670 (삼성동)
사까나야 바로바로,"서울특별시 강남구 선릉로 528 (삼성동, 2층)"
청춘극장,"서울특별시 강남구 봉은사로72길 6, 지상1층 (삼성동)"
홍스나나,"서울특별시 강남구 봉은사로57길 13, 프러스원 지하1층 (삼성동)"
스타일,"서울특별시 강남구 테헤란로87길 41, 지하1층 (삼성동)"
청담골뱅이전문점,"서울특별시 강남구 학동로 504 (삼성동, 1층5호,6호, 2층2호)"
전통 백암순대국,"서울특별시 강남구 테헤란로81길 37 (삼성동,지상1층)"
(주)비블레스,"서울특별시 강남구 테헤란로83길 33, 지상1층 (삼성동)"
귀신반점,"서울특별시 강남구 학동로88길 5 (삼성동, 진흥상가 101-2, 102호)"
꼬꼬트,"서울특별시 강남구 봉은사로84길 32 (삼성동,지상1, 지하1층)"
아뜰리에지아,"서울특별시 강남구 테헤란로77길 41, 지상1층 (삼성동)"
맥심(MAXIM),"서울특별시 강남구 삼성로 508, 지하1층 지101호 (삼성동, LG트윈텔2)"
셰프의국수앤육개장,"서울특별시 강남구 영동대로 513, 지하1층 M102호 (삼성동, 코엑스몰 )"
화수사,"서울특별시 강남구 삼성로95길 10 (삼성동,우성빌딩1층)"
풍경,"서울특별시 강남구 테헤란로77길 11-16, 지하1층 (삼성동)"
명동칼국수 샤브샤브,"서울특별시 강남구 봉은사로57길 13 (삼성동,프러스원센터 지하1층)"
맛도푸르다,"서울특별시 강남구 봉은사로57길 59 (삼성동,지상1층)"
일공,"서울특별시 강남구 영동대로112길 61, 지상3층 (삼성동)"
교토 가츠규 삼성오크우드점,"서울특별시 강남구 테헤란로87길 58, 지하2층 2A9호 (삼성동)"
이태리부대찌개 삼성점,"서울특별시 강남구 삼성로104길 16, 2층 (삼성동)"
키꾸야,"서울특별시 강남구 테헤란로69길 14 (삼성동,지하1호)"
브루클린 더 버거 조인트 (BROOKLYN THE BURGER JOINT) 삼성점,"서울특별시 강남구 봉은사로84길 10 (삼성동,지상1층)"
인성참치,"서울특별시 강남구 테헤란로81길 34 (삼성동,지상1층)"
후로팅(Floating),"서울특별시 강남구 테헤란로 415, 10층 (삼성동)"
살루쪼(Saluzzo),"서울특별시 강남구 봉은사로57길 6, 지상1층 101호 (삼성동)"
주식회사곰바우,서울특별시 강남구 영동대로115길 10 (삼성동)
단편,"서울특별시 강남구 테헤란로83길 44-1, 지상1층 (삼성동)"
만강홍,"서울특별시 강남구 선릉로 514 (삼성동,성원빌딩지하1층)"
도스타코스,"서울특별시 강남구 테헤란로69길 10, 지하1층 101호 (삼성동)"
예향,"서울특별시 강남구 테헤란로103길 8-8 (삼성동,지하1층)"
뉴욕프라이즈코엑스점,"서울특별시 강남구 영동대로 511 (삼성동,사단법인한국무역협회 코엑스몰지하1층LF8호)"
외고집설렁탕,"서울특별시 강남구 삼성로 555 (삼성동,지상1층)"
수락정김밥,서울특별시 강남구 선릉로 614 (삼성동)
청담스시,"서울특별시 강남구 학동로 504, 1층 3호 (삼성동)"
담미온,서울특별시 강남구 선릉로112길 18 (삼성동)
이조식당,서울특별시 강남구 봉은사로112길 28 (삼성동)
대가참맛,서울특별시 강남구 선릉로92길 42 (삼성동)
옥터버비(october B),"서울특별시 강남구 삼성로103길 12, 지상3층 309호 (삼성동, 신도브래뉴주상복합)"
오뎅야,"서울특별시 강남구 선릉로 638 (삼성동,지상1층)"
본죽 삼성차관점,"서울특별시 강남구 봉은사로 474 (삼성동,쌍용플래티넘지상1층108호)"
차이린,"서울특별시 강남구 삼성로112길 10, 지하1층-지상1층 (삼성동)"
산적포차,"서울특별시 강남구 영동대로106길 38 (삼성동,지하1층)"
도쿄째즈,"서울특별시 강남구 삼성로104길 28, 지상2층 (삼성동)"
행복이 싹트면,"서울특별시 강남구 선릉로 664, 지상106호 (삼성동)"
메리골드,"서울특별시 강남구 삼성로104길 15 (삼성동,지상1층)"
의정부부대찌개,서울특별시 강남구 영동대로106길 38 (삼성동)
주식회사 토종맛집,"서울특별시 강남구 테헤란로 423, 지하1층 104호 (삼성동, 현대타워)"
쇼헤이,"서울특별시 강남구 봉은사로59길 12 (삼성동,지상1층101호)"
본가신의주찹쌀순대전문점,"서울특별시 강남구 봉은사로 636 (삼성동,지상1층,지하1층)"
삼성정,서울특별시 강남구 봉은사로108길 5 (삼성동)
코스모라운지,"서울특별시 강남구 봉은사로 524, 3층 (삼성동, 인터컨티넨탈 서울 코엑스)"
스카이라운지,"서울특별시 강남구 봉은사로 524, 28층 (삼성동, 코엑스인터컨티넨탈서울 )"
비어팩토리,"서울특별시 강남구 삼성로104길 10 (삼성동,지상1층)"
큐큐면관 삼성점,"서울특별시 강남구 삼성로96길 7 (삼성동,지상1층)"
황태명가,"서울특별시 강남구 영동대로 602 (삼성동,미켈란빌딩 지하106호)"
카페 크레오,"서울특별시 강남구 봉은사로67길 28, 지상1층 (삼성동)"
군산집,서울특별시 강남구 봉은사로 620 (삼성동)
탐라도야지,"서울특별시 강남구 삼성로104길 13, 지상1층 (삼성동)"
(주)더휴컨벤션,"서울특별시 강남구 테헤란로 407, 지상2,3층 (삼성동, 이케이타워)"
부산오뎅,서울특별시 강남구 삼성로 654 (삼성동)
단골(骨)집,"서울특별시 강남구 선릉로112길 36 (삼성동,지상1층)"
명원,서울특별시 강남구 봉은사로 478 (삼성동)
더킹브로잉컴퍼니,"서울특별시 강남구 테헤란로103길 10, 1,2층 (삼성동)"
제이키친,"서울특별시 강남구 영동대로128길 5, 1층 106호 (삼성동, 청구아파트)"
인생역전,"서울특별시 강남구 영동대로 634, 지상1층 (삼성동)"
푸세울 닭,서울특별시 강남구 영동대로 510 (삼성동)
부옥당,서울특별시 강남구 영동대로106길 41 (삼성동)
명동할머니국수,"서울특별시 강남구 영동대로 511 (삼성동,코엑스몰지하1층A-13,15호)"
신촌설렁탕,"서울특별시 강남구 봉은사로114길 32, 지상1층 (삼성동)"
프로간장게장,서울특별시 강남구 테헤란로83길 53 (삼성동)
수궁갈비집,서울특별시 강남구 봉은사로97길 4 (삼성동)
한국피자헛 삼성중앙점,"서울특별시 강남구 봉은사로73길 19, 지상1층 102호 (삼성동)"
페리카나 치킨,"서울특별시 강남구 영동대로112길 61 (삼성동,지상1층)"
동일분식,"서울특별시 강남구 선릉로116길 5 (삼성동,지상1층)"
아셈참,"서울특별시 강남구 영동대로 511 (삼성동,한국무역종합센타 코엑스몰 A-5)"
해림원,"서울특별시 강남구 테헤란로79길 28 (삼성동,지상1.2층)"
나무,"서울특별시 강남구 봉은사로63길 12, 1층 (삼성동)"
명동칼국수,"서울특별시 강남구 봉은사로112길 22, 1층 (삼성동)"
엠(M)라운지,"서울특별시 강남구 테헤란로 513, 지하1층 (삼성동)"
디오엠 삼성1,"서울특별시 강남구 테헤란로87길 41, 지상1층 (삼성동)"
아소보이,서울특별시 강남구 봉은사로 504 (삼성동)
한끼든든,"서울특별시 강남구 테헤란로 517 (삼성동,현대백화점 지하1층)"
번패티번 현대백화점 무역센터점,"서울특별시 강남구 테헤란로 517, 현대백화점 지하1층 (삼성동)"
텐텐,서울특별시 강남구 봉은사로108길 19 (삼성동)
동호치킨,서울특별시 강남구 봉은사로 466 (삼성동)
난장캠프,"서울특별시 강남구 테헤란로81길 22, 지상2층 (삼성동)"
양평해장국,"서울특별시 강남구 영동대로106길 29 (삼성동,지상1층)"
반올림피자샵 강남2호점,"서울특별시 강남구 봉은사로57길 57, 1층 101호 (삼성동)"
제주서귀포물항식당,서울특별시 강남구 테헤란로87길 51 (삼성동)
소공동뚝배기,서울특별시 강남구 봉은사로114길 38 (삼성동)
남도구들 한정식,서울특별시 강남구 테헤란로 437 (삼성동)
배꼽 양대창,"서울특별시 강남구 테헤란로81길 51, 1층 (삼성동)"
고반식당 삼성점,"서울특별시 강남구 테헤란로81길 16, 지상1층 (삼성동)"
언더더씨,"서울특별시 강남구 영동대로 511 (삼성동,지하1층 N7호)"
향원,"서울특별시 강남구 영동대로115길 7 (삼성동,지하1층)"
"(주)성제기업빅맨""""","서울특별시 강남구 봉은사로 459 (삼성동,지상1층)"
선릉김밥,서울특별시 강남구 선릉로94길 3 (삼성동)
찬사랑,"서울특별시 강남구 삼성로115길 37, 지하1층 (삼성동)"
엘에이북창동순두부,서울특별시 강남구 봉은사로68길 6 (삼성동)
요란 강남구청점,"서울특별시 강남구 선릉로 660 (삼성동,브라운스톤레전드1층116호)"
더원,"서울특별시 강남구 영동대로 648 (삼성동,삼안빌딩2층)"
디비노&데카(DIVINO&DECA),"서울특별시 강남구 봉은사로68길 6-14 (삼성동,지하1층)"
핫 스토리,"서울특별시 강남구 테헤란로87길 58, 지하2층 2A21호 (삼성동, 한무컨벤션별관)"
카페촉,"서울특별시 강남구 영동대로112길 38, 1층 (삼성동)"
폴 바셋 NC타워 삼성점,"서울특별시 강남구 테헤란로 509, 1층 (삼성동, NC포프트 빌딩)"
북경,서울특별시 강남구 선릉로 664 (삼성동)
(주)스타럭스 삼성동치킨 삼성점,"서울특별시 강남구 영동대로115길 9 (삼성동,1층)"
남도밥상이어요 삼성중앙점,"서울특별시 강남구 봉은사로74길 5 (삼성동,현대빌라트지상1층102호)"
삼성복집,서울특별시 강남구 삼성로108길 7 (삼성동)
로비라운지,"서울특별시 강남구 테헤란로 521, 1층 (삼성동, 인터콘티넨탈 호텔 서울)"
더라운드 삼성점,"서울특별시 강남구 영동대로 648 (삼성동,지상1층)"
스타라이브러리,"서울특별시 강남구 선릉로 524 (삼성동,지하1층,지하2층)"
성공시대,"서울특별시 강남구 봉은사로63길 12 (삼성동,지하1층)"
재뉴어리,"서울특별시 강남구 봉은사로68길 6 (삼성동,지하1층)"
명동칼국수,"서울특별시 강남구 테헤란로83길 14, 지하1층 102,103호 (삼성동, 두산위브센티움)"
미초 삼성점,"서울특별시 강남구 봉은사로84길 22 (삼성동,지상1층)"
산호골,"서울특별시 강남구 삼성로103길 12, 지하1층 108호 (삼성동)"
명푸드,서울특별시 강남구 영동대로128길 5 (삼성동)
영덕횟집,"서울특별시 강남구 테헤란로81길 52 (삼성동,지상1층)"
몬드리안,"서울특별시 강남구 봉은사로68길 75 (삼성동,지상4층)"
하루방,서울특별시 강남구 봉은사로 420 (삼성동)
루나아시아,"서울특별시 강남구 삼성로100길 15 (삼성동,,1층)"
테라스,"서울특별시 강남구 테헤란로103길 8-7 (삼성동,지상1층)"
종인이네 만두,"서울특별시 강남구 테헤란로81길 60-4, 1층 (삼성동)"
부방,"서울특별시 강남구 삼성로 530, 부방빌딩 지하1층 (삼성동)"
리칭,서울특별시 강남구 삼성로 520 (삼성동)
더(The) 고깃집,"서울특별시 강남구 삼성로100길 23-14, 지상1층 (삼성동)"
마당골,"서울특별시 강남구 삼성로96길 26-12 (삼성동,(논현동130-29에서2000.7.21이전))"
갤러리,"서울특별시 강남구 봉은사로64길 5, 지하1층 (삼성동)"
큐비,"서울특별시 강남구 영동대로96길 8 (삼성동,석광빌딩지하1층)"
제주흑돼지수원왕갈비,"서울특별시 강남구 봉은사로 479 (삼성동,지상2층,3층)"
선릉마실길,"서울특별시 강남구 선릉로 530 (삼성동,지상1층)"
나주본가설렁탕,"서울특별시 강남구 삼성로103길 6 (삼성동,지상1층)"
이자카야 한잔 삼성본점,"서울특별시 강남구 봉은사로84길 34, 지상1, 2층 (삼성동)"
한끼한잔,서울특별시 강남구 테헤란로77길 11-19 (삼성동)
캐슬,"서울특별시 강남구 삼성로96길 14, 중아빌딩 지하1층 (삼성동)"
성주상회,"서울특별시 강남구 봉은사로 467, 지상2층 (삼성동)"
삼성한방삼계탕,"서울특별시 강남구 영동대로 602 (삼성동,미켈란107지하1층B103,B104,B105호)"
우가네,"서울특별시 강남구 선릉로96길 7 (삼성동,지상1층)"
본장수촌,"서울특별시 강남구 영동대로115길 7 (삼성동,지상1층)"
을지로골뱅이,"서울특별시 강남구 삼성로104길 12 (삼성동,지상1층)"
깐부치킨,서울특별시 강남구 삼성로96길 3 (삼성동)
와바삼성점,"서울특별시 강남구 삼성로 549 (삼성동,지상1층)"
친친,"서울특별시 강남구 테헤란로63길 12, 지상1층 101호 (삼성동, LG선릉에클라트B동)"
동의명가 칼국수,"서울특별시 강남구 영동대로114길 56, 지상1층 102호 (삼성동, 래미안 삼성1차)"
센터커피 삼성점,"서울특별시 강남구 영동대로96길 26, 하나은행삼성동 1층 (삼성동)"
다복,"서울특별시 강남구 삼성로 642, 삼성빌딩 지하1층 1호.2호 (삼성동)"
차이,"서울특별시 강남구 삼성로100길 23-11 (삼성동,지하1층)"
레시피뱅크,"서울특별시 강남구 영동대로 513, 코엑스 동측광장층 (삼성동)"
사와레,"서울특별시 강남구 봉은사로68길 21, 2층 (삼성동)"
엘노어 쇼룸바,"서울특별시 강남구 선릉로 514, 성원빌딩 지하1층 18호 (삼성동)"
브라운 돈까스,"서울특별시 강남구 선릉로 520, 지상2층 (삼성동)"
기찬메밀,"서울특별시 강남구 선릉로112길 50 (삼성동,지하1층)"
스노우폭스 선릉역점,"서울특별시 강남구 테헤란로 415, 1층 (삼성동)"
남원골,"서울특별시 강남구 봉은사로 458, 지상1층 (삼성동)"
푸드팩토리,"서울특별시 강남구 봉은사로 466, 백우빌딩 104호 (삼성동)"
불닭불,"서울특별시 강남구 봉은사로 463 (삼성동,지상1층2호)"
케이더블유(KW),"서울특별시 강남구 삼성로95길 14, 1층 (삼성동)"
무제,"서울특별시 강남구 테헤란로81길 51, 릴팡빌딩 지하1층 103호 (삼성동)"
하루,"서울특별시 강남구 삼성로 511 (삼성동,지하1층)"
(주)부첼라 현대무역센터점,"서울특별시 강남구 테헤란로 517, 지하1층 (삼성동, 현대백화점)"
보일링키친,"서울특별시 강남구 테헤란로 517, 지하1층 (삼성동)"
(주)공영식품 기소야삼성점,서울특별시 강남구 삼성로92길 13 (삼성동)
강남식당,서울특별시 강남구 봉은사로63길 6 (삼성동)
아이앤지(ing~),"서울특별시 강남구 선릉로92길 6, 8,9,10층 (삼성동, 삼덕빌딩 )"
해중천,"서울특별시 강남구 봉은사로72길 8, 지상1층,지상2층 (삼성동)"
파로스,"서울특별시 강남구 봉은사로67길 9 (삼성동,지상2층)"
광양불고기,"서울특별시 강남구 삼성로 529, 지상1,2층 (삼성동)"
박고볼래,"서울특별시 강남구 봉은사로 447 (삼성동,청명빌딩지상1층102호,103호)"
봄동,"서울특별시 강남구 테헤란로 517 (삼성동,지하1층)"
한국감정원구내식당,서울특별시 강남구 테헤란로113길 12 (삼성동)
봉밀가,"서울특별시 강남구 선릉로 664, 지상1층 (삼성동)"
치킨뱅이,"서울특별시 강남구 선릉로112길 21 (삼성동,지상1층)"
골목집,"서울특별시 강남구 봉은사로112길 28 (삼성동,지상1층)"
비비큐,"서울특별시 강남구 봉은사로61길 17, 1층 (삼성동)"
원조감자탕 일미집,"서울특별시 강남구 테헤란로77길 11-8, 지상1층 101호 (삼성동)"
오늘도행복해,"서울특별시 강남구 영동대로96길 37, 1층 103호 (삼성동)"
공씨네 주먹밥 (삼성점),"서울특별시 강남구 테헤란로83길 14 (삼성동,두산위브센티움 104호)"
(주)썬앳푸드비스트로서울삼성점,"서울특별시 강남구 영동대로 511 (삼성동,오크우드호텔 지상1층6호)"
경평면옥,"서울특별시 강남구 삼성로104길 12 (삼성동,지상2층)"
노메,서울특별시 강남구 봉은사로103길 8 (삼성동)
매일낙지,서울특별시 강남구 삼성로 557 (삼성동)
인싸동 냉면,"서울특별시 강남구 봉은사로 480, 지상1층 (삼성동)"
예향,"서울특별시 강남구 테헤란로63길 20, 지상1층 (삼성동)"
쏭스클럽 삼성점,"서울특별시 강남구 봉은사로63길 6 (삼성동,1층)"
치킨잇수다,"서울특별시 강남구 삼성로100길 23-12 (삼성동,지상1층)"
니꾸자가,"서울특별시 강남구 영동대로 511 (삼성동,컨벤션별관지하1층)"
보름쇠,"서울특별시 강남구 테헤란로81길 36 (삼성동,지상1.2층)"
강남식당,"서울특별시 강남구 봉은사로71길 49, 지하1층 (삼성동)"
간사이다찌,"서울특별시 강남구 영동대로 511 (삼성동,한무컨벤션지하1층1A6)"
목포낙지횟집,서울특별시 강남구 테헤란로107길 12 (삼성동)
가온국시,서울특별시 강남구 삼성로 634 (삼성동)
바다사랑생태,"서울특별시 강남구 봉은사로67길 5, 1층 (삼성동)"
비올라,"서울특별시 강남구 선릉로100길 56 (삼성동,지상1층)"
에머이 삼성점,"서울특별시 강남구 삼성로96길 6, LG트윈텔1 지상1층 101호 (삼성동)"
"구슬고개 동태찜,아구찜","서울특별시 강남구 봉은사로111길 20 (삼성동,지상1층)"
청담한방숯불갈비,"서울특별시 강남구 삼성로 649, 지하1층 2호-3호 (삼성동)"
꽃지삼성,서울특별시 강남구 봉은사로 610 (삼성동)
장정정,"서울특별시 강남구 삼성로 517, 1층 105호 (삼성동, 채널리저브)"
하꼬네,"서울특별시 강남구 테헤란로 521, 지상1층 (삼성동, 인터콘티넨탈)"
평가옥2,"서울특별시 강남구 삼성로95길 37 (삼성동,지상2층)"
메이드 MADE,"서울특별시 강남구 삼성로104길 8, 2층 (삼성동)"
수림복국,"서울특별시 강남구 테헤란로77길 11-13 (삼성동,마룡빌딩지상1층)"
장손곤지암소머리국밥,서울특별시 강남구 선릉로100길 24 (삼성동)
그때그집 본관,"서울특별시 강남구 테헤란로83길 50 (삼성동,지상1층)"
그랜드키친,"서울특별시 강남구 테헤란로 521, 지상1층 (삼성동)"
아우네,"서울특별시 강남구 테헤란로83길 29, 지상1층 (삼성동)"
주식회사 송,"서울특별시 강남구 테헤란로 517, 지상10층 (삼성동, 현대백화점)"
김이정 숯불구이,"서울특별시 강남구 테헤란로81길 46-5 (삼성동,지상1층)"
전주현대옥 코엑스점,서울특별시 강남구 봉은사로 623 (삼성동)
그레이(GRAY),"서울특별시 강남구 테헤란로87길 13, 서영빌딩 지하1층 B01호 (삼성동)"
나루국밥 코엑스직영점,"서울특별시 강남구 테헤란로87길 36, 도심공항타워 지하1층 02호 (삼성동)"
지구당 선릉역점,"서울특별시 강남구 테헤란로 409, 동신빌딩 1층 (삼성동)"
신마포갈매기 삼성역점,서울특별시 강남구 삼성로104길 28 (삼성동)
라이프(RIPE),"서울특별시 강남구 영동대로96길 26, 하나은행삼성동 지상9층 (삼성동)"
칸틴 삼성,"서울특별시 강남구 봉은사로82길 25, 지상1층 104호 (삼성동)"
바나프레소 삼성점,"서울특별시 강남구 테헤란로81길 9, 바나플빌딩 지상1층 (삼성동)"
전주식당,서울특별시 강남구 봉은사로114길 42 (삼성동)
닭굼터,"서울특별시 강남구 영동대로112길 5 (삼성동,대광빌딩지상1층102호)"
명우돈가,"서울특별시 강남구 삼성로96길 6, 지상1층 102호 (삼성동, LG트윈텔)"
제주오전복,"서울특별시 강남구 영동대로 513, 코엑스 지하1층 J113호 (삼성동)"
사라베스,"서울특별시 강남구 테헤란로 517, 현대백화점 10층 (삼성동)"
아도르,"서울특별시 강남구 선릉로116길 24, 지상1층 101호 (삼성동)"
기부앤테이크카페(Giboo & Take Cafe),"서울특별시 강남구 봉은사로69길 36, 지상1층 (삼성동)"
엄마손,"서울특별시 강남구 테헤란로107길 11, 지상1층 101호 (삼성동)"
모요,"서울특별시 강남구 선릉로122길 12, 지상1층 (삼성동)"
더블유더블유일송일호점,"서울특별시 강남구 테헤란로 507, WeWork빌딩 지상13층 (삼성동)"
삿뽀로야끼,"서울특별시 강남구 삼성로100길 13, 1층 (삼성동)"
테리야끼,"서울특별시 강남구 영동대로 511 (삼성동,코엑스몰 L-22호)"
드코닝,"서울특별시 강남구 영동대로 513, 지하1층 C-103호 (삼성동, 코엑스몰 )"
홍대개미 파르나스몰점,"서울특별시 강남구 테헤란로 521, 파르나스타워 지하1층 F-9.10호 (삼성동)"
티엔티엔티엔,"서울특별시 강남구 테헤란로77길 22 (삼성동,지하1층 1호2호3호)"
피카소,"서울특별시 강남구 삼성로 571 (삼성동,지하2층)"
일일향,"서울특별시 강남구 테헤란로83길 20 (삼성동,건영빌딩 지상1층)"
차이(Chai)797 삼성점,"서울특별시 강남구 테헤란로87길 35, 씨엔드에치빌딩 지하1층 (삼성동)"
금장한우(삼성본점),"서울특별시 강남구 봉은사로82길 29, 지하1,지상1,2층 (삼성동)"
영구식당,서울특별시 강남구 봉은사로 409 (삼성동)
바다사랑,"서울특별시 강남구 삼성로91길 24, 지상1층 (삼성동)"
캘리포니아 피자 키친 코엑스점,"서울특별시 강남구 영동대로 513, 1층 E002호 (삼성동, 코엑스)"
명동칼국수,"서울특별시 강남구 영동대로 513, 지하1층 O104호 (삼성동, 코엑스몰)"
라스키친,"서울특별시 강남구 테헤란로83길 40, 2층 (삼성동)"
신의주 부대찌개 삼성점,서울특별시 강남구 봉은사로108길 3-10 (삼성동)
마시아,"서울특별시 강남구 선릉로 514, 지하1층 114호 (삼성동)"
본투비,"서울특별시 강남구 삼성로104길 11 (삼성동,지상1층)"
숯칼 선릉 손칼국수,"서울특별시 강남구 삼성로91길 38, 지상1층 (삼성동)"
나의가야,"서울특별시 강남구 테헤란로 517, 현대백화점 지상10층 (삼성동)"
이대성의 진면목,"서울특별시 강남구 삼성로100길 23-3, 1층 101호 (삼성동)"
스시한판,"서울특별시 강남구 영동대로 513, 코엑스 지하1층 L128호, L129호 (삼성동)"
곰바위,"서울특별시 강남구 봉은사로97길 16 (삼성동, 외2필 지하2층~지상2층)"
히노무라,"서울특별시 강남구 선릉로 524 (삼성동,대림아크로텔 지하1층)"
하드워커,"서울특별시 강남구 삼성로100길 23-30, 지상1, 2층 (삼성동)"
제주생선구이 올래밥상 삼성직영점,"서울특별시 강남구 삼성로100길 14, 1층 (삼성동)"
디오엠 삼성2,"서울특별시 강남구 테헤란로87길 41, 2층 (삼성동)"
진대감,"서울특별시 강남구 테헤란로81길 47, 지상1층 (삼성동)"
바이트(Bite),"서울특별시 강남구 봉은사로 474, 1층 102호 (삼성동, 쌍용 플래티넘)"
마노디셰프 삼성점,"서울특별시 강남구 테헤란로87길 21 (삼성동,지하1층)"
대도식당,"서울특별시 강남구 삼성로 556 (삼성동,,3층)"
뻘밭에핀꽃,"서울특별시 강남구 테헤란로87길 21, 지하1층 (삼성동, 동성빌딩)"
광수사,"서울특별시 강남구 테헤란로77길 22, 1층 102호 (삼성동, 풍림상가)"
동어동락,서울특별시 강남구 삼성로96길 7 (삼성동)
삼성동 커피볶는집,"서울특별시 강남구 봉은사로68길 49 (삼성동,진완빌딩 지상1층)"
스카이300,"서울특별시 강남구 영동대로 607, 지상15층 (삼성동, 랜드마크빌딩)"
송정,"서울특별시 강남구 봉은사로78길 22 (삼성동,지하1층)"
죽이야기,"서울특별시 강남구 삼성로95길 15 (삼성동,지상1층)"
흑백홍,"서울특별시 강남구 영동대로 513, 지하1층 L102호 (삼성동, 코엑스몰)"
(주)썬앳푸드시추안하우스삼성점,"서울특별시 강남구 테헤란로87길 29 (삼성동,지상1층)"
삼성칼국수,"서울특별시 강남구 봉은사로108길 5 (삼성동,지상2층)"
삼성돈구이,"서울특별시 강남구 봉은사로108길 3-6 (삼성동,,21)"
그린하우스,서울특별시 강남구 선릉로 660 (삼성동)
명동칼국수,"서울특별시 강남구 선릉로94길 9 (삼성동,지하1층)"
해초록별채,"서울특별시 강남구 삼성로 539 (삼성동,초록빌딩 지상1층)"
전원식당,서울특별시 강남구 봉은사로112길 22 (삼성동)
이조아구찜,"서울특별시 강남구 봉은사로67길 5, 지상1층 (삼성동)"
이조아구찜,"서울특별시 강남구 봉은사로67길 5, 지상1층 (삼성동)"
만리장성,"서울특별시 강남구 영동대로114길 7 (삼성동,지상1층)"
스시히로바,"서울특별시 강남구 삼성로 620, 블래스톤리조트 지상1층 (삼성동)"
쭝일아찌 5단계 빨강떡볶이,"서울특별시 강남구 봉은사로67길 30, 지상1층 101호 (삼성동)"
46 이너스 피자,"서울특별시 강남구 선릉로 628 (삼성동,지상2층)"
대도식당,"서울특별시 강남구 삼성로 545, 1,2,3층 (삼성동)"
아미고,"서울특별시 강남구 삼성로104길 18 (삼성동,지하1층)"
이조식당,"서울특별시 강남구 봉은사로67길 5, 지상1층 (삼성동)"
자바씨티익스프레스,"서울특별시 강남구 영동대로 511 (삼성동,코엑스몰 N9호)"
원빵스넥,서울특별시 강남구 테헤란로 429 (삼성동)
개성풍천장어,서울특별시 강남구 테헤란로103길 8-8 (삼성동)
철그릴 무역점,"서울특별시 강남구 테헤란로 517, 현대백화점 지상10층 2호 (삼성동)"
종로김밥,"서울특별시 강남구 테헤란로103길 8-7, 지상1층 102호 (삼성동)"
진주,"서울특별시 강남구 테헤란로83길 31 (삼성동,지상1,2층)"
켄마,"서울특별시 강남구 삼성로108길 18, 지상1층 111, 112호 (삼성동, 시대제1빌딩)"
명품 쭈꾸미,"서울특별시 강남구 봉은사로72길 4 (삼성동,지상1층)"
휴,"서울특별시 강남구 봉은사로 409 (삼성동,지하1층)"
(주)샾앤플렛뱅드따블,"서울특별시 강남구 영동대로122길 15 (삼성동,지상1층)"
3호집,"서울특별시 강남구 선릉로112길 48, 1층 (삼성동)"
허머스키친,"서울특별시 강남구 테헤란로 521, 지하1층 F-26호 (삼성동, 파르나스몰)"
서울밥상,"서울특별시 강남구 봉은사로 608-10, 2층 (삼성동)"
어반81(URBAN81),"서울특별시 강남구 봉은사로55길 24, 1층 (삼성동)"
삼육가 삼성점,"서울특별시 강남구 테헤란로81길 38, 1층 (삼성동)"
다미,"서울특별시 강남구 선릉로126길 16 (삼성동,지상1층)"
쿠시일오이,"서울특별시 강남구 삼성로104길 16 (삼성동,지하1층)"
백세주마을 삼성점,"서울특별시 강남구 봉은사로 641 (삼성동,지상1층,지하1층)"
솜리,"서울특별시 강남구 테헤란로 517, 지상10층 (삼성동, 현대백화점)"
김치찌개,"서울특별시 강남구 선릉로112길 6 (삼성동,중건빌딩1층)"
정겨운오뎅집,"서울특별시 강남구 테헤란로81길 56 (삼성동,지상1층)"
당나라,"서울특별시 강남구 테헤란로83길 42, 지하1층 (삼성동)"
백암왕순대,"서울특별시 강남구 봉은사로 605 (삼성동,지상1층)"
모멘텀라운지,"서울특별시 강남구 테헤란로79길 25-1, 1층 (삼성동, 준빌딩)"
뽀모도로,"서울특별시 강남구 영동대로 511, A동 4,6호 (삼성동,코엑스몰)"
솔향기,"서울특별시 강남구 봉은사로104길 6 (삼성동,지하1층)"
럼보트삼성역점,"서울특별시 강남구 테헤란로 611 (삼성동,지상1층)"
담(DAM),"서울특별시 강남구 봉은사로78길 12, 지상1층 102호 (삼성동)"
이화원,"서울특별시 강남구 영동대로 511 (삼성동,호텔오크우드프리미어 지상3층)"
오크레스토랑앤바,"서울특별시 강남구 테헤란로87길 46, 지상4층 (삼성동, 호텔오크우드)"
마쯔가제,"서울특별시 강남구 영동대로 511 (삼성동,호텔오크우드프리미어지상3층)"
모던호,"서울특별시 강남구 삼성로95길 24, 지하1층 (삼성동)"
더블유 라운지 W Lounge,"서울특별시 강남구 테헤란로81길 37, 2층 (삼성동)"
(주)알피스페이스 청담나인,"서울특별시 강남구 삼성로 634, 지하1,2,지상10층 (삼성동)"
천미향,"서울특별시 강남구 봉은사로108길 21 (삼성동,지상2,3층)"
강남 돈 주는 남자,서울특별시 강남구 봉은사로108길 3-10 (삼성동)
히라메키다이닝,"서울특별시 강남구 테헤란로81길 32 (삼성동,지상1,2층)"
조이앤푸드,"서울특별시 강남구 테헤란로87길 35 (삼성동,지하2층)"
시골청국장,"서울특별시 강남구 학동로 504 (삼성동,서울빌딩101호)"
남노명가,"서울특별시 강남구 영동대로106길 33, 지상1층 102호 (삼성동)"
국수마을,"서울특별시 강남구 봉은사로114길 42, 지상1층 103호 (삼성동)"
이모네 전집,"서울특별시 강남구 테헤란로77길 22 (삼성동,지상1층)"
해중천,서울특별시 강남구 삼성로 547 (삼성동)
삼정,"서울특별시 강남구 봉은사로 626, 1층 (삼성동)"
더드숑,"서울특별시 강남구 봉은사로71길 31, 지상1층 (삼성동)"
비야 게레로,"서울특별시 강남구 봉은사로78길 12, 1층 101호 (삼성동)"
전주집,"서울특별시 강남구 삼성로100길 13 (삼성동,지하1층)"
전주집,"서울특별시 강남구 테헤란로77길 11-9 (삼성동,1층)"
동강,서울특별시 강남구 테헤란로103길 10 (삼성동)
티,"서울특별시 강남구 봉은사로 430, 지상1층 (삼성동)"
신촌설렁탕 강남구청역점,"서울특별시 강남구 선릉로 670 (삼성동,지하1층)"
경천애인 2237,"서울특별시 강남구 테헤란로 421, 6층 603호 (삼성동)"
최고야,"서울특별시 강남구 삼성로100길 23-2 (삼성동,,1층)"
종로김밥,"서울특별시 강남구 삼성로104길 7 (삼성동,1층)"
강남집밥,"서울특별시 강남구 테헤란로107길 10, 지하1층 (삼성동)"
준,"서울특별시 강남구 영동대로106길 29 (삼성동,지하1층)"
아이,서울특별시 강남구 삼성로100길 27 (삼성동)
삼성족발,"서울특별시 강남구 영동대로112길 9, 1층 4호 (삼성동)"
두루치기유선생,"서울특별시 강남구 봉은사로114길 42 (삼성동,지상2층204호)"
마왕족발 삼성점,"서울특별시 강남구 선릉로130길 56, 1층 8,9호 (삼성동)"
민들레,"서울특별시 강남구 봉은사로105길 28 (삼성동,지하1층,지상1층)"
러빙유골프존(삼성점),"서울특별시 강남구 삼성로 571, 4.5층 (삼성동, 경산빌딩)"
뜸들이다 삼성중앙점,"서울특별시 강남구 봉은사로 466, 지상1층 103호 (삼성동)"
리향,"서울특별시 강남구 선릉로 574, 1층 (삼성동)"
길목,"서울특별시 강남구 영동대로129길 10, 1층 (삼성동)"
블랙랩(Black Lab),"서울특별시 강남구 선릉로96길 5-16, 지하1층 (삼성동)"
문어앤치킨,"서울특별시 강남구 삼성로104길 24 (삼성동,지상1층)"
봉은사로 71길,"서울특별시 강남구 봉은사로71길 7, 지상1층 101호 (삼성동, 로프트빌딩)"
얌샘김밥,"서울특별시 강남구 봉은사로 629, 지상1층 (삼성동, 현익빌딩)"
불타는 포장마차,"서울특별시 강남구 삼성로 569-1, 지상1층 (삼성동)"
국보전,서울특별시 강남구 테헤란로81길 60 (삼성동)
장원,"서울특별시 강남구 봉은사로84길 24-1 (삼성동,지하1층)"
현대이모네,"서울특별시 강남구 봉은사로108길 3-10, 지하1층 (삼성동)"
등심팩토리,"서울특별시 강남구 삼성로100길 23-8, 1층 (삼성동)"
못난이포차,"서울특별시 강남구 테헤란로81길 58 (삼성동,지상1층)"
(주)소노인터내셔널 삼성지점,"서울특별시 강남구 테헤란로87길 22 (삼성동,도심공항터미널 4층)"
봉구비어 삼성동점,"서울특별시 강남구 테헤란로107길 6, 1층 (삼성동, 두양빌딩)"
샤이바나 코엑스점,"서울특별시 강남구 영동대로 513, 지하1층 i108호 (삼성동, 기존컨벤션센터)"
수다 삼성2호점,"서울특별시 강남구 삼성로100길 23-13, 지하1~지상3층 (삼성동)"
비어플라주(beerflage),"서울특별시 강남구 봉은사로 447, 1층 101호 (삼성동)"
커피브레이크,"서울특별시 강남구 삼성로91길 38 (삼성동,지상1층)"
사리원,"서울특별시 강남구 영동대로 513, 지하1층 D108호 (삼성동, 기존컨벤션센터)"
남포동수제비,"서울특별시 강남구 테헤란로87길 22, 지하1층 Q122호 (삼성동)"
김밥천국,"서울특별시 강남구 삼성로 517 (삼성동,지상1층)"
어머니족발,서울특별시 강남구 삼성로100길 27 (삼성동)
달링스테이크 봉은사역점,"서울특별시 강남구 영동대로106길 41, 1층 (삼성동)"
트레이,"서울특별시 강남구 선릉로130길 56, 2층 1호 (삼성동)"
제이갸또 삼성점,"서울특별시 강남구 봉은사로68길 57, 1층 (삼성동)"
선릉가든,서울특별시 강남구 선릉로100길 34 (삼성동)
홍대돈부리,"서울특별시 강남구 영동대로 513, 지하1층 O-106호 (삼성동, 코엑스몰)"
이맛,서울특별시 강남구 삼성로100길 23-6 (삼성동)
포항물회,"서울특별시 강남구 삼성로 547 (삼성동,지상2층)"
이남장영동점,서울특별시 강남구 봉은사로108길 21 (삼성동)
돈앤장볏짚구이,"서울특별시 강남구 봉은사로99길 5 (삼성동,지상1.2층)"
벽돌집 60-5,"서울특별시 강남구 테헤란로81길 60-5, 지상1층 (삼성동)"
애니홀,"서울특별시 강남구 테헤란로77길 11-10, 1층 (삼성동)"
청년치킨,"서울특별시 강남구 삼성로119길 45, 지상1층 (삼성동)"
다이닝 갈비,"서울특별시 강남구 테헤란로81길 62-4, 1층 (삼성동)"
고향집,서울특별시 강남구 선릉로96길 2 (삼성동)
와바삼성1호점,서울특별시 강남구 삼성로92길 23 (삼성동)
스시 산원,"서울특별시 강남구 선릉로100길 42, 1층 1호 (삼성동, LG선릉에클라트)"
본도시락 삼성점,"서울특별시 강남구 테헤란로77길 13, 창조빌딩 1층 (삼성동)"
스모크하우스,"서울특별시 강남구 테헤란로81길 62, 2층 (삼성동)"
글로브,"서울특별시 강남구 테헤란로 521, 지하1층 F-19호 (삼성동, 파르나스)"
시골진지상,서울특별시 강남구 삼성로 535 (삼성동)
(주)이화옥,"서울특별시 강남구 테헤란로83길 40, 1층 (삼성동)"
서백자 간장게장,"서울특별시 강남구 삼성로 542, 지상2층 (삼성동, 석천빌딩)"
일공중식,"서울특별시 강남구 영동대로112길 61, 지상2층 (삼성동)"
김가네김밥,서울특별시 강남구 선릉로 574 (삼성동)
반기스 가온 (VANGI'S GAON),"서울특별시 강남구 테헤란로87길 46-1, 1층 1F06호 (삼성동, 호텔오크우드프리미어)"
오스카,"서울특별시 강남구 삼성로104길 21, 1층 (삼성동, 해오름힐빌딩)"
사이드쇼(sideshow),"서울특별시 강남구 테헤란로87길 22, 지하1층 Q124호 (삼성동, 한국도심공항터미널)"
오미식당,"서울특별시 강남구 테헤란로 517, 지하1층 (삼성동, 현대백화점)"
호토모토 선정릉역점,"서울특별시 강남구 봉은사로 415, 지상1층 (삼성동)"
문배동육칼(삼성점),"서울특별시 강남구 삼성로96길 3, 1층 (삼성동)"
차차차,서울특별시 강남구 봉은사로72길 4 (삼성동)
아야진생태찌개,"서울특별시 강남구 삼성로108길 8 (삼성동,(101호))"
하늘담은시래기 땅품은청국장,"서울특별시 강남구 봉은사로114길 40, 1층 2호 (삼성동)"
더넥스트,"서울특별시 강남구 삼성로95길 23 (삼성동,지하1층)"
크렘모우본점,"서울특별시 강남구 영동대로 513, 지하1층 J112호 (삼성동, 기존컨벤션센타)"
사람사는고깃집김일도삼성코엑스,"서울특별시 강남구 삼성로104길 17 (삼성동,지상1층)"
전주맛집,"서울특별시 강남구 테헤란로69길 16 (삼성동,한성빌딩지상1층)"
두루두루,서울특별시 강남구 선릉로 628 (삼성동)
신촌설렁탕,"서울특별시 강남구 선릉로 530 (삼성동,지상2층)"
소포차,"서울특별시 강남구 삼성로119길 8 (삼성동,청담상가지상1층B동25)"
내림손삼계탕,서울특별시 강남구 봉은사로112길 16-4 (삼성동)
오발탄(주)오발탄에프에스,"서울특별시 강남구 삼성로 606 (삼성동,지상1,2층)"
해품초 삼성점,"서울특별시 강남구 테헤란로87길 29 (삼성동,엠타워 지하1층)"
강남묵호등대,"서울특별시 강남구 삼성로95길 15, 지상2층 (삼성동)"
(주)곰바위,"서울특별시 강남구 삼성로 542 (삼성동,지하1층,지상1층)"
하동관,"서울특별시 강남구 영동대로 513, 지하1층 J-101호 (삼성동, 코엑스 기존컨벤션센터)"
월스트리트(Wall Street),서울특별시 강남구 테헤란로83길 13 (삼성동)
오픈 키친,"서울특별시 강남구 봉은사로68길 6-14, 지하1층 (삼성동, 올림푸스타워)"
주상복합,"서울특별시 강남구 봉은사로59길 12, 1층 103호 (삼성동)"
무안뻘낙지,"서울특별시 강남구 봉은사로108길 23, 1층 (삼성동)"
일우별관,서울특별시 강남구 영동대로96길 37 (삼성동)
밥스키친,"서울특별시 강남구 테헤란로87길 17 (삼성동,마젤란21아스테리움B105호)"
윈카페,서울특별시 강남구 봉은사로114길 12 (삼성동)
베티,서울특별시 강남구 선릉로 520 (삼성동)
케르반레스토랑 코엑스점,"서울특별시 강남구 영동대로 513, 지하1층 H105호 (삼성동, 기존컨벤션센터)"
니뽕내뽕(코엑스점),"서울특별시 강남구 영동대로 513, 컨벤션센타동 지하1층 H117호 (삼성동, 코엑스몰)"
오스카,"서울특별시 강남구 삼성로104길 21, 지상2층 (삼성동)"
삼성동 밀밭,"서울특별시 강남구 봉은사로78길 6 (삼성동,지상1층)"
천진교자,"서울특별시 강남구 학동로56길 32, 지상1층 102호 (삼성동)"
요리명가,"서울특별시 강남구 테헤란로 443 (삼성동,. 26)"
(유)아웃백스테이크하우스코리아 코엑스점,"서울특별시 강남구 영동대로 511 (삼성동,컨벤션별관 지하2층14호)"
무교낙지,"서울특별시 강남구 테헤란로87길 22, 지하1층 Q123호 (삼성동, 한국도심공항터미널 )"
르사이공 코엑스몰점,"서울특별시 강남구 영동대로 513, 지하1층 H104호 (삼성동, 코엑스기존컨벤션센터)"
소노야,"서울특별시 강남구 영동대로 513, L106호 (삼성동, 코엑스몰)"
브라운 돈까스,"서울특별시 강남구 선릉로 660, 103호 (삼성동)"
캣츠 CATS,"서울특별시 강남구 삼성로104길 14 (삼성동,지하1층)"
소울담은 퓨전요리,"서울특별시 강남구 영동대로96길 37, 2층 202호 (삼성동)"
돈꼬레,서울특별시 강남구 삼성로96길 13 (삼성동)
주브라운,"서울특별시 강남구 영동대로 513, 지상1층 B003호 (삼성동, 기존컨벤션센터)"
본가 신의주 찹쌀순대,"서울특별시 강남구 영동대로112길 6 (삼성동,지상1층)"
존화이트까페,"서울특별시 강남구 봉은사로86길 6, 지하1층 B102호 (삼성동)"
칠백식당,"서울특별시 강남구 봉은사로63길 7, A동 1층 101호 (삼성동)"
펔스커피(perks),"서울특별시 강남구 삼성로 517, 지상1층 108-1호 (삼성동, 채널리저브)"
주당,"서울특별시 강남구 삼성로100길 23, 지상2층 (삼성동)"
더 하노이,"서울특별시 강남구 영동대로106길 33 (삼성동,1층103호)"
테이블스푼(TABLE SPOON),"서울특별시 강남구 선릉로 660, 1층 F113호 (삼성동, 브라운스톤레전드)"
온더보더 코엑스 도심공항점,"서울특별시 강남구 테헤란로87길 22, 지상1층 R003호 (삼성동, 도심공항몰)"
전주행복밥상,"서울특별시 강남구 선릉로 514, 지하1층 104호 (삼성동)"
평가옥,"서울특별시 강남구 삼성로95길 37, 지상3층 (삼성동)"
우소우소,서울특별시 강남구 봉은사로 610 (삼성동)
고향식당,서울특별시 강남구 삼성로115길 32 (삼성동)
쭈소반 강남직영점,"서울특별시 강남구 봉은사로55길 17, 지상1층 (삼성동)"
웨이루,"서울특별시 강남구 테헤란로 521, 33층 (삼성동, 그랜드인터컨티넨탈서울)"
정,"서울특별시 강남구 봉은사로 422 (삼성동,지하1층)"
고메램,"서울특별시 강남구 삼성로96길 15 (삼성동,지상2층)"
통통,"서울특별시 강남구 봉은사로68길 25 (삼성동,지상1층)"
물조은선주집,"서울특별시 강남구 봉은사로84길 29, 지상2층 (삼성동)"
빅가이즈 현대무역점,"서울특별시 강남구 테헤란로 517, 지하1층 (삼성동, 현대백화점)"
만남호프,"서울특별시 강남구 삼성로 517 (삼성동,지하1층119호)"
강남꿀돼지,"서울특별시 강남구 봉은사로108길 3-14 (삼성동,지상1층)"
시골집,"서울특별시 강남구 봉은사로103길 6, 지하1층 (삼성동)"
남자피자 삼성점,"서울특별시 강남구 봉은사로73길 48, 지상1층 (삼성동)"
담미온,"서울특별시 강남구 삼성로100길 8 (삼성동,지상1층)"
청개구리,"서울특별시 강남구 테헤란로81길 37 (삼성동,지하1층)"
쭈불앤쭈불,"서울특별시 강남구 테헤란로87길 22, 지하1층 Q121호 (삼성동, 한국도심공항터미널)"
메가박스중앙(주)코엑스지점 클로즈업바,"서울특별시 강남구 영동대로 513, 지하1층 (삼성동, 코엑스몰)"
리틀앤머치,"서울특별시 강남구 학동로56길 49, 1층 (삼성동)"
폴 바셋 코엑스몰점,"서울특별시 강남구 영동대로 513, 컨벤션센터동 지상1층 P104호 (삼성동, 코엑스몰)"
강태웅생생아구,"서울특별시 강남구 삼성로 543, 지상1,2,3층 (삼성동)"
아이수마(AiSuma),"서울특별시 강남구 학동로56길 26, 지상1층 102호 (삼성동, 신일빌딩)"
그릴1492 삼성1호점,"서울특별시 강남구 삼성로91길 36, 지상1층 (삼성동)"
커피정립 삼성중앙점,"서울특별시 강남구 삼성로111길 7, 103호 (삼성동, 현대빌딩)"
마고팝(MAGOT POP),"서울특별시 강남구 봉은사로 608-10, 지상1층 (삼성동)"
호신각,"서울특별시 강남구 테헤란로81길 16, 지상2층 (삼성동)"
공수간 코엑스몰,"서울특별시 강남구 영동대로 513, 컨벤션센터동 지하1층 H116호 (삼성동, 코엑스몰)"
조인바이트,"서울특별시 강남구 선릉로112길 13, 1층 (삼성동)"
삼성이향숯불갈비,"서울특별시 강남구 테헤란로83길 14, 지상1층 105호 (삼성동, 두산위브센티움)"
"코엑스연회(GRAMERCY, 셰프투고)","서울특별시 강남구 영동대로 513, 지상2,3층 (삼성동)"
메가박스중앙(주)코엑스지점 부티크카페,"서울특별시 강남구 영동대로 513, 코엑스 지하1층 (삼성동)"
생어거스틴 파르나스점,"서울특별시 강남구 테헤란로 521, 지하1층 F-11,12호 (삼성동)"
본가스시,서울특별시 강남구 테헤란로 517 (삼성동)
압생트인서울,"서울특별시 강남구 선릉로112길 19, 지상1층 (삼성동)"
금용,서울특별시 강남구 선릉로112길 46 (삼성동)
비어플러스청담점,"서울특별시 강남구 삼성로 642 (삼성동,삼성빌딩지상2층2호)"
투썸플레이스 카페,"서울특별시 강남구 봉은사로 410, 지하중1층 (삼성동, 라마다서울호텔)"
(주)커리몽,"서울특별시 강남구 봉은사로 605 (삼성동,대승빌딩지상2층)"
삼봉캐터링,"서울특별시 강남구 봉은사로 627 (삼성동,지하1층)"
일품두부,"서울특별시 강남구 영동대로 644, 지하1층 101,102호 (삼성동, 원일빌딩)"
바오바오,"서울특별시 강남구 봉은사로 516, 지하2층 B201호 (삼성동, 미켈란147)"
현대명가,"서울특별시 강남구 봉은사로114길 38, 지하1층 (삼성동)"
어생만,"서울특별시 강남구 봉은사로63길 7, 1층 (삼성동)"
메가박스중앙(주)코엑스지점 메인매점,"서울특별시 강남구 영동대로 513, 지하2층 (삼성동, 무역센터)"
운좋은 횟집,"서울특별시 강남구 삼성로91길 28, 케이엘타워 지하1층 (삼성동)"
옥돌양곱창,"서울특별시 강남구 선릉로120길 5 (삼성동,지상1층)"
컴포즈커피 테헤란로점,"서울특별시 강남구 테헤란로63길 12, B동 지상1층 102호 (삼성동, LG선릉에클라트B)"
김밥천국,"서울특별시 강남구 테헤란로77길 6 (삼성동,지상1층)"
에피그램(epigram),"서울특별시 강남구 영동대로 511, 지하1층 C112호 (삼성동, 트레이드타워(코엑스몰))"
하나샤브정,"서울특별시 강남구 테헤란로81길 62 (삼성동,지상1층)"
미노센,"서울특별시 강남구 삼성로104길 14, 1층 (삼성동)"
치킨뱅이,서울특별시 강남구 봉은사로112길 16 (삼성동)
엠엠티에이치 017(MMTH 017),"서울특별시 강남구 테헤란로83길 40, 1층 (삼성동)"
수담,"서울특별시 강남구 봉은사로 418, 지하1층 1호 (삼성동, 에이치에스타워)"
박씨물고온제비,"서울특별시 강남구 봉은사로99길 5 (삼성동,지하1층)"
한탕,"서울특별시 강남구 삼성로104길 7 (삼성동,지상1층)"
비타민카페,"서울특별시 강남구 삼성로100길 23-5 (삼성동,1층)"
연지식당,"서울특별시 강남구 삼성로 642 (삼성동,삼성빌딩101)"
(주)구즈구내식당,"서울특별시 강남구 테헤란로 409 (삼성동,동신빌딩)"
길목(별관),"서울특별시 강남구 영동대로129길 10, 진성빌딩 1층 (삼성동)"
계절밥상 코엑스몰점,"서울특별시 강남구 영동대로 513, 지하1층 H113호 (삼성동, 코엑스몰)"
안동찜닭 해물떡찜,"서울특별시 강남구 영동대로 513, 지하1층 M109호 (삼성동, B1 코엑스몰)"
우동이야기,"서울특별시 강남구 영동대로 511 (삼성동,(매장번호C8))"
멍텅구리 꼼장어,"서울특별시 강남구 봉은사로 445, 지상1층 (삼성동)"
옛날한우곱창,"서울특별시 강남구 삼성로103길 11 (삼성동,지상1층)"
바르다 김선생 강남구청점,"서울특별시 강남구 학동로68길 7, 지상1층 110호 (삼성동, 삼성동 힐스테이트 1단지 상가동)"
김작가의 이중생활 선정릉점,"서울특별시 강남구 선릉로112길 52, 지상1층 (삼성동)"
마우라,"서울특별시 강남구 삼성로 573 (삼성동,지하1층)"
성북동청국장,"서울특별시 강남구 봉은사로104길 6 (삼성동,(지상1~2층))"
멘무샤,"서울특별시 강남구 영동대로 513, 컨벤션센터동 지하1층 I106호 (삼성동, 코엑스몰)"
소풍,"서울특별시 강남구 테헤란로87길 22, 지하1층 Q101호 (삼성동, 한국도심공항터미널)"
반하는 보쌈&밥상,"서울특별시 강남구 영동대로 513, 지하1층 M103호 (삼성동, 컨벤션센터 코엑스몰)"
동천홍,"서울특별시 강남구 봉은사로 541 (삼성동,지하1층,지상1층)"
한국돈거래소,서울특별시 강남구 삼성로100길 23-6 (삼성동)
사계절세꼬시회집,서울특별시 강남구 봉은사로84길 29 (삼성동)
일마지오 삼성점,"서울특별시 강남구 삼성로 511, 지하1층 (삼성동, 골든타워)"
가득드림,"서울특별시 강남구 영동대로 513, 지하1층 M113호 (삼성동, 컨벤션센타 코엑스몰)"
지호한방삼계탕,"서울특별시 강남구 영동대로115길 16, 지상1층 (삼성동)"
쇼군,"서울특별시 강남구 영동대로 513, 지하1층 O105호 (삼성동, 컨벤션센터 코엑스몰)"
도모다찌,"서울특별시 강남구 영동대로 513, 지하1층 L101호 (삼성동, 코엑스몰)"
드림까페,"서울특별시 강남구 봉은사로78길 25 (삼성동,드림빌딩 지상1층)"
동경,"서울특별시 강남구 영동대로 513, 지하1층 J108호 (삼성동, 코엑스몰 )"
수다 삼성1호점,"서울특별시 강남구 테헤란로87길 53 (삼성동,(지하1,지상1,2층))"
케이에프씨강남구청역매장,"서울특별시 강남구 학동로 402, 1층 (삼성동)"
금복당,"서울특별시 강남구 봉은사로68길 7, 1층 (삼성동)"
가츠몽,"서울특별시 강남구 봉은사로103길 6 (삼성동,지상1층)"
쿠벤 일식 도시락,"서울특별시 강남구 테헤란로81길 52-3, 지상1층 (삼성동)"
무샤무샤,"서울특별시 강남구 선릉로112길 19 (삼성동,지상1층)"
모로,"서울특별시 강남구 봉은사로68길 21 (삼성동,1층)"
오프,"서울특별시 강남구 선릉로122길 14 (삼성동,101호)"
(주)캘리스코사보텐코엑스점,"서울특별시 강남구 영동대로 513, 지하1층 D110호 (삼성동, 기존컨벤션센타)"
미사리밀빛초계국수,"서울특별시 강남구 영동대로 513, 지하1층 J-114호 (삼성동, 코엑스 기존컨벤션센터)"
불이아(삼성점),"서울특별시 강남구 테헤란로87길 55, 지상1,2층 (삼성동)"
만랩커피 삼성1호점,"서울특별시 강남구 영동대로106길 33 (삼성동,104호)"
클럽케이서울(Club K Seoul),"서울특별시 강남구 선릉로 524, 지하1층 B102호 (삼성동)"
깐부치킨선정릉역점,"서울특별시 강남구 선릉로 604, 1층 (삼성동, 호산프라자)"
함바하우스,"서울특별시 강남구 영동대로115길 9 (삼성동,지상2층)"
자연은 맛있다,"서울특별시 강남구 영동대로 513, 기존컨벤션센타동 지하1층 I111호 (삼성동, 코엑스몰)"
미성양꼬치,"서울특별시 강남구 테헤란로81길 56-3, 지상1층,지상2층 (삼성동)"
돈카라,서울특별시 강남구 선릉로 514 (삼성동)
봉화푸드,"서울특별시 강남구 영동대로106길 41, 동영빌딩 지상1층 103호 (삼성동)"
둘둘치킨,"서울특별시 강남구 테헤란로69길 9 (삼성동,지상1층)"
성공시대,서울특별시 강남구 봉은사로63길 6 (삼성동)
앤레커피 코엑스점,"서울특별시 강남구 테헤란로87길 22, 지하1층 R119호 (삼성동, 한국도심공항터미널)"
베이비 기네스,"서울특별시 강남구 봉은사로108길 5, 1층 (삼성동)"
꼬꼬,"서울특별시 강남구 선릉로130길 57, 지상1층 16호 (삼성동)"
클로리스 코엑스점,"서울특별시 강남구 영동대로 513, 지하1층 I-109호 (삼성동, 코엑스기존컨벤션센터)"
(주)더츠커피 삼성본점,"서울특별시 강남구 봉은사로68길 33, 1,2층 (삼성동)"
모박사부대찌개,"서울특별시 강남구 영동대로 513, 코엑스 지하1층 M101호 (삼성동)"
삼성2동점 굽네치킨,"서울특별시 강남구 삼성로103길 12, 지상1층 123호 (삼성동, 삼성동신도브래뉴)"
더차이홍,서울특별시 강남구 삼성로92길 23 (삼성동)
최고기집,"서울특별시 강남구 봉은사로74길 8 (삼성동,지상1층)"
스케치북,"서울특별시 강남구 학동로 506, 성일빌딩 지하1층 B102호 (삼성동)"
사이공 핫 팟,"서울특별시 강남구 선릉로130길 56, 101호 (삼성동,동서상가 지상1층)"
카페 에스파니,"서울특별시 강남구 영동대로106길 38, 1층 (삼성동)"
시골밥상,"서울특별시 강남구 선릉로 514 (삼성동,지하1층8호)"
북창동 순두부 강남구청점,"서울특별시 강남구 학동로56길 26, 지상2층 (삼성동)"
알로하테이블 파르나스몰점,"서울특별시 강남구 테헤란로 521, 지하1층 F-17호 (삼성동, 파르나스몰)"
고궁수라간 코엑스점,"서울특별시 강남구 테헤란로87길 22, 지하1층 Q104호 (삼성동)"
디퀸즈 코엑스점,"서울특별시 강남구 영동대로 513, 지하1층 i104호 (삼성동, 기존컨벤션센터)"
벤또랑,서울특별시 강남구 테헤란로87길 36 (삼성동)
새마을식당,"서울특별시 강남구 삼성로104길 23 (삼성동,지상1층)"
데블스도어 코엑스점,"서울특별시 강남구 영동대로 513, 코엑스 지상1층 (삼성동)"
코엑스 캐터링,"서울특별시 강남구 영동대로 513, 코엑스 코엑스1층 (삼성동)"
호랑이초밥,"서울특별시 강남구 삼성로100길 23-11, 화인빌딩 지상1층 (삼성동)"
소연,"서울특별시 강남구 봉은사로84길 24-2 (삼성동,지상1,2층)"
(주)보나비 아티제 코엑스몰점,"서울특별시 강남구 영동대로 513, 지하1층 J-101B호 (삼성동, 기존컨벤션센터)"
메가박스중앙(주)코엑스지점 콤보익스프레스,"서울특별시 강남구 영동대로 513, 코엑스 지하2층 (삼성동)"
신라양꼬치,"서울특별시 강남구 삼성로104길 18 (삼성동,2층)"
보리현미국수,"서울특별시 강남구 테헤란로77길 22, 지하1층 B04호 (삼성동)"
iL COFFEE(일커피),"서울특별시 강남구 봉은사로112길 12, 1층 (삼성동)"
울돌목가는길,서울특별시 강남구 삼성로 566 (삼성동)
한우식당,"서울특별시 강남구 봉은사로78길 37 (삼성동,지상1층)"
바른식탁,"서울특별시 강남구 테헤란로83길 15 (삼성동,지하1층)"
구을가,"서울특별시 강남구 선릉로 632, 1,2층 (삼성동, YM타워)"
양평해장국,서울특별시 강남구 삼성로103길 3 (삼성동)
산,"서울특별시 강남구 봉은사로 445 (삼성동,1층)"
재희키친,"서울특별시 강남구 영동대로114길 9, 지상2층 (삼성동)"
더블유더블유일송이호점,"서울특별시 강남구 테헤란로 507, WeWork빌딩 지하1층 (삼성동)"
피에프창 코엑스몰점,"서울특별시 강남구 영동대로 517, 아셈회관동 지하1층 P107호 (삼성동, 코엑스몰)"
차이나타운,"서울특별시 강남구 봉은사로63길 7, A동 지상1층 103호 (삼성동, 수목빌딩)"
월출산,"서울특별시 강남구 봉은사로112길 6, 1층 (삼성동, 익성빌딩)"
(주)은재은,"서울특별시 강남구 영동대로 511 (삼성동,코엑스몰지하1층 에이-11호)"
코엑스 뽀모도로,"서울특별시 강남구 영동대로 513, 지하1층 J-107호 (삼성동, 컨벤션센터 코엑스몰)"
아름식당,서울특별시 강남구 봉은사로69길 30 (삼성동)
JVL부대찌개 삼성본점,"서울특별시 강남구 테헤란로81길 46, 1,2층 (삼성동)"
비에이치씨(BHC) 강남구청역점,"서울특별시 강남구 학동로56길 26, 지상1층 101호 (삼성동)"
스템 코엑스,"서울특별시 강남구 영동대로 513, 코엑스 지하2층 (삼성동)"
가장맛있는족발 선정릉점,"서울특별시 강남구 봉은사로57길 5 (삼성동,지상1층)"
(주)에땅끌레르,"서울특별시 강남구 삼성로 614 (삼성동,지상1,2,3층)"
목포명가,"서울특별시 강남구 삼성로100길 24, kims 101 지상1층, 지하1층 (삼성동)"
퍼스트,"서울특별시 강남구 테헤란로81길 26, 지하1층 (삼성동, 유림빌딩)"
유나이티드,"서울특별시 강남구 봉은사로 634, 지하1층 (삼성동, 20타워)"
아그라씨티 코엑스몰,"서울특별시 강남구 영동대로 513, 기존컨벤션센타동 지하1층 I102호 (삼성동, 코엑스몰)"
바른치킨 선정릉역점,"서울특별시 강남구 선릉로 574, 1층 (삼성동)"
칼리가리박사의밀실 삼성,"서울특별시 강남구 테헤란로83길 14, 1층 106호 (삼성동, 삼성역두산위브센티움)"
서울덮밥&김치찜,"서울특별시 강남구 테헤란로87길 22, 지하1층 Q103호 (삼성동)"
일공,"서울특별시 강남구 영동대로112길 61 (삼성동,지하1층)"
일상의 즐거움 인더 백,"서울특별시 강남구 테헤란로 517, 지하1층 (삼성동, 현대백화점 식품팀)"
미인 삼계탕,"서울특별시 강남구 영동대로 511 (삼성동,컨벤션별관 지하2층)"
제일숯불바베큐,서울특별시 강남구 삼성로 547 (삼성동)
예가낙지마을,"서울특별시 강남구 영동대로 513, 지하1층 O-110호 (삼성동, 스타필드 코엑스몰)"
미성한우,서울특별시 강남구 삼성로92길 27 (삼성동)
생활맥주,"서울특별시 강남구 삼성로104길 18, 지상1층 (삼성동)"
그랜드마오,"서울특별시 강남구 영동대로 513, 지하1층 i101호 (삼성동, 기존컨벤션센터)"
기소야,"서울특별시 강남구 테헤란로87길 58, 지하2층 A16호 (삼성동, 컨벤션별관)"
향나무집,"서울특별시 강남구 봉은사로111길 7 (삼성동,지상1층)"
삼성역전,"서울특별시 강남구 삼성로104길 21, 지하1층 (삼성동)"
평가옥,"서울특별시 강남구 삼성로95길 37 (삼성동,지상1층)"
보리밀,"서울특별시 강남구 봉은사로108길 3-6 (삼성동,지상1층)"
페리카나치킨,"서울특별시 강남구 삼성로119길 41, 1층 (삼성동)"
수림복,"서울특별시 강남구 테헤란로77길 6, 지상2층 (삼성동)"
목로,"서울특별시 강남구 봉은사로74길 19, 지상1층 (삼성동)"
라마다사우나식당,"서울특별시 강남구 봉은사로 410 (삼성동,지하중층)"
능라도,"서울특별시 강남구 삼성로 534, 싹아트센터 지상1층 (삼성동)"
라면집,서울특별시 강남구 테헤란로83길 19 (삼성동)
루프탑2018,"서울특별시 강남구 삼성로95길 37 (삼성동,협창빌딩 5층)"
경성면옥,"서울특별시 강남구 테헤란로87길 36, 지하1층 B10호 (삼성동, 도심공항타워)"
미스터피자코엑스2호점,서울특별시 강남구 영동대로 511 (삼성동)
디저트랩,"서울특별시 강남구 삼성로119길 21, 지상1층 (삼성동)"
신사골감자탕 삼성점,"서울특별시 강남구 삼성로104길 8 (삼성동,지상1층)"
용호동낙지 강남점,"서울특별시 강남구 테헤란로 419, 지상1층 (삼성동)"
제니스,"서울특별시 강남구 테헤란로77길 8 (삼성동,우정에쉐르지하1층101호)"
까발로비안코,"서울특별시 강남구 삼성로104길 9 (삼성동,지상1,2층)"
선릉고기집,"서울특별시 강남구 삼성로91길 38 (삼성동,1층)"
치킨매니아삼성1호점,"서울특별시 강남구 봉은사로57길 67 (삼성동,지하1층)"
신의주찹쌀순대,"서울특별시 강남구 테헤란로87길 36, 도심공항타워 지하1층 8호 (삼성동)"
브라운돈까스 분식회사떡심 삼성중앙역점,"서울특별시 강남구 봉은사로 474, 101호 (삼성동,쌍용플레티넘1층)"
삼성동 명인등심,"서울특별시 강남구 봉은사로86길 30 (삼성동,지상2층)"
홍백,"서울특별시 강남구 삼성로 571, 지상1,2층 (삼성동)"
현삼정한식부페,"서울특별시 강남구 봉은사로108길 21, 지하1층 (삼성동)"
한남동그집 코엑스 사거리점,"서울특별시 강남구 영동대로112길 6, 지하1층 (삼성동, 정원빌딩)"
아쯔마로,"서울특별시 강남구 삼성로126길 14 (삼성동,지상1층)"
경원수산 2호점,"서울특별시 강남구 삼성로100길 23-15, 지상1층 (삼성동)"
고깃집,"서울특별시 강남구 삼성로100길 23-14, 지상2층 (삼성동)"
티지아이프라이데이스,"서울특별시 강남구 영동대로 513, 지상1층 (삼성동, 코엑스)"
이태리부대찌개 삼성봉은사역점,"서울특별시 강남구 봉은사로112길 6, 지상1층 (삼성동)"
주)봉산집,"서울특별시 강남구 삼성로 564, 지상2층,지상3층 (삼성동)"
포즈키친앤드바,"서울특별시 강남구 테헤란로87길 9, 지하1층 (삼성동)"
치킨뱅이,"서울특별시 강남구 삼성로96길 13 (삼성동,지상1층)"
들녁,서울특별시 강남구 영동대로114길 11 (삼성동)
(주)월드스포츠가인볼링센타,"서울특별시 강남구 봉은사로114길 20, 지하1층 (삼성동)"
샤인,"서울특별시 강남구 삼성로108길 7 (삼성동,지하1층)"
불닭발땡초동대문엽기떡볶이 삼성점,"서울특별시 강남구 봉은사로 430, 1동 101호 (삼성동)"
씨제이푸드월드(CJ FOODWORLD) 코엑스몰점,"서울특별시 강남구 영동대로 513, 지하1층 H113호 (삼성동, 코엑스몰)"
토크투겟허,"서울특별시 강남구 봉은사로82길 31 (삼성동,지하1층)"
갤러리아스넥바,"서울특별시 강남구 테헤란로87길 58, 지상6층 (삼성동, 컨벤션별관)"
초원족발,"서울특별시 강남구 테헤란로81길 22 (삼성동,지상1층)"
소노야,"서울특별시 강남구 선릉로 660, 1층 109호 (삼성동, 브라운스톤)"
야끼오뎅빠,"서울특별시 강남구 영동대로 511 (삼성동,아셈회관 지하1층 A-7호)"
아시안라이브,"서울특별시 강남구 봉은사로 524, 2층 (삼성동, 인터컨티넨탈 서울 코엑스)"
김밥천국,"서울특별시 강남구 테헤란로83길 14 (삼성동,지상1층 103호)"
아리스타커피 삼성2호점,"서울특별시 강남구 삼성로96길 9, 지상1층 (삼성동)"
제주 순옥이네 명가,"서울특별시 강남구 테헤란로 517, 10층 (삼성동, 현대백화점무역센터)"
게이트나인,"서울특별시 강남구 테헤란로 517, 10층 (삼성동, 무역센터현대백화점)"
소나무 식당,"서울특별시 강남구 영동대로96길 37, 지하1층 (삼성동)"
배럴,"서울특별시 강남구 삼성로104길 10 (삼성동,지상2층)"
삼성집,"서울특별시 강남구 테헤란로83길 44, 지상1층 (삼성동)"
카페싸이공,"서울특별시 강남구 삼성로 622, 1층 (삼성동)"
듬북담북,"서울특별시 강남구 테헤란로69길 9 (삼성동,지상1층)"
카페실비아,"서울특별시 강남구 학동로88길 12, 지상1층 (삼성동)"
더드림,"서울특별시 강남구 선릉로 518, 지하1층 (삼성동)"
르빵 일상의즐거움,"서울특별시 강남구 테헤란로 517, 지하1층 (삼성동, 현대백화점식품팀)"
아기받는남자,"서울특별시 강남구 선릉로126길 16 (삼성동,지상2층 201호)"
다옴 선정릉역점,"서울특별시 강남구 봉은사로 409, 지상1층 (삼성동)"
에슬로우 선릉1호점,"서울특별시 강남구 선릉로 524, 1층 102호 (삼성동, 선릉대림아크로텔)"
아인(Ain),"서울특별시 강남구 삼성로96길 12, 지하1층 (삼성동)"
(주)일마레,"서울특별시 강남구 학동로82길 23, 지상1층,2층 (삼성동)"
송강식당,"서울특별시 강남구 영동대로115길 14 (삼성동,지상1,2층)"
(주)삼원가든 투뿔등심 고담 삼성점,"서울특별시 강남구 테헤란로87길 33, 지하1층 (삼성동, 융전빌딩)"
메밀팜,"서울특별시 강남구 선릉로100길 32, 지하1층 (삼성동)"
삼성장어,"서울특별시 강남구 삼성로103길 12, 지하1층 109호 (삼성동, 신도브래뉴주상복합)"
황금복국,"서울특별시 강남구 삼성로96길 26-6 (삼성동,지상1,2,3층)"
대원정,"서울특별시 강남구 테헤란로77길 17, 승광빌딩 1층 2호 (삼성동)"
크리스피프레시 파르나스몰점,"서울특별시 강남구 테헤란로 521, 파르나스몰 지하1층 F-5,6호 (삼성동)"
요란,"서울특별시 강남구 봉은사로 467, 세창빌딩 지상1층 (삼성동)"
채육식당 강남구청점,"서울특별시 강남구 선릉로 660, 지하1층 B110호, B111호 주방7호 (삼성동, 브라운스톤 레전드)"
덕수파스타 선정릉점,"서울특별시 강남구 봉은사로 415, 청림빌딩 지하1층 주방5호 (삼성동)"
하이카오산 삼성점,"서울특별시 강남구 봉은사로 415, 청림빌딩 지하1층 주방2호 (삼성동)"
편장군족발집,"서울특별시 강남구 테헤란로 517, 현대백화점 지하1층 (삼성동)"
피카 청담,"서울특별시 강남구 학동로88길 12, 지상1층 110호 (삼성동)"
랍스터바(한시적),"서울특별시 강남구 테헤란로 517, 현대백화점 지하1층 (삼성동)"
금덕푸드(한시적),"서울특별시 강남구 테헤란로 517, 현대백화점 지하1층 식품관호 (삼성동)"
카페일라로,"서울특별시 강남구 봉은사로104길 10, 동화빌딩 지상1층 (삼성동)"
숑숑돈가스서울대웅제약점,"서울특별시 강남구 봉은사로114길 12, 대웅제약빌딩 지하1층 3호 (삼성동)"
브루버거 아크로텔(vrewburger),"서울특별시 강남구 선릉로 524, 선릉대림아크로텔 지상1층 106호 (삼성동)"
온가솥밥 삼성점,"서울특별시 강남구 봉은사로114길 12, 대웅제약빌딩 본관동 지하1층 7호 (삼성동)"
크랩52,"서울특별시 강남구 영동대로 511, 트레이드타워 52층 (삼성동)"
어게인,"서울특별시 강남구 테헤란로83길 41, 일신빌딩 2층 201호 (삼성동)"
스낵 도토리,"서울특별시 강남구 삼성로103길 12, 지상1층 108호 (삼성동, 신도브래뉴주상복합)"
상하이방,"서울특별시 강남구 삼성로 571, 케이빌딩 지하1층 11호 (삼성동)"
청담수 청담역점,"서울특별시 강남구 삼성로 651, 지하1층 B01호 (삼성동, 래미안 라클래시)"
티오피(T.O.P),"서울특별시 강남구 삼성로95길 23, 남양빌딩 지하1층 102호 (삼성동)"
싸움의고수 삼성익스프레스점,"서울특별시 강남구 삼성로103길 12, 지상1층 122호 (삼성동, 신도브래뉴주상복합)"
디저트플래넷,"서울특별시 강남구 테헤란로 521, 파르나스타워 지하1층 R-39호 (삼성동)"
대한민국 맥주산업박람회(KIBEX),"서울특별시 강남구 영동대로 513, 코엑스 C2,3홀 지상3층 (삼성동)"
동두천 브루어리(한시적),"서울특별시 강남구 테헤란로 517, 현대백화점 무역센터점 지하1층 (삼성동)"
서울점심,"서울특별시 강남구 삼성로 651, 상가동 지하1층 B05호 (삼성동, 래미안 라클래시)"
계릴라 도리탕,"서울특별시 강남구 봉은사로 415, 청림빌딩 지하1층 주방8호 (삼성동)"
우화당,"서울특별시 강남구 테헤란로81길 22, 구암빌딩 지하1층 (삼성동)"
스시 욘즈,"서울특별시 강남구 삼성로96길 11, 지상1층 101호 (삼성동)"
그래머시카페,"서울특별시 강남구 영동대로 513, 코엑스 컨벤션로비 지상1층 (삼성동)"
팀호완 삼성점,"서울특별시 강남구 봉은사로86길 30, 지하1층,지상1층 (삼성동)"
메이킷 카페(MAKIT CAFE),"서울특별시 강남구 삼성로 535, 삼화빌딩 지상1층 102-A호 (삼성동)"
마샹라위,"서울특별시 강남구 삼성로104길 15, 2층 (삼성동)"
사계절,"서울특별시 강남구 테헤란로107길 6, 지상1층 101호 (삼성동)"
주식회사 스노우폭스코리아,"서울특별시 강남구 삼성로91길 28, 케이엘타워 3층 (삼성동)"
에이원,"서울특별시 강남구 테헤란로63길 9, 지상1층 107호 (삼성동)"
찐 생선구이,"서울특별시 강남구 테헤란로81길 56-6, 지상3층 2호 (삼성동)"
까시발라생선구이,"서울특별시 강남구 테헤란로81길 56-6, 지상3층 1호 (삼성동)"
도담 도시락,"서울특별시 강남구 삼성로103길 12, 지하1층 B107-1호 (삼성동, 신도브래뉴주상복합)"
남도밥상이어요,"서울특별시 강남구 영동대로114길 9, 지상1층 (삼성동)"
무월식탁 파르나스몰점,"서울특별시 강남구 테헤란로 521, 파르나스몰 지하1층 F-16호 (삼성동)"
제니스에이프론,"서울특별시 강남구 봉은사로57길 53, 1층 101,102호 (삼성동)"
이나세 INASE,"서울특별시 강남구 테헤란로 521, 파르나스몰 지하1층 F-15호 (삼성동)"
리틀사이공,"서울특별시 강남구 테헤란로 521, 파르나스타워 지하1층 F-14호 (삼성동)"
떡판왕 선릉2호점,"서울특별시 강남구 테헤란로 423, 지하1층 103호 (삼성동, 현대타워)"
빵빵떡볶이,"서울특별시 강남구 삼성로 571, 경산빌딩 지하1층 3호 (삼성동)"
고 GO,"서울특별시 강남구 봉은사로63길 7, 수목빌딩 A동 지하1층 (삼성동)"
정 한뿌리죽 키친 삼성점,"서울특별시 강남구 삼성로 517, 지하1층 114호 (삼성동, 채널리저브)"
마라지존,"서울특별시 강남구 테헤란로83길 11, 지하1층 주방3호 (삼성동)"
철수포차,"서울특별시 강남구 선릉로112길 31, 지상1층 101호 (삼성동)"
래빗키친 논현점,"서울특별시 강남구 선릉로 660, 지상1층 제F112호 (삼성동, 브라운스톤 레전드)"
이타마에 다이닝,"서울특별시 강남구 봉은사로111길 6, 지상2층 (삼성동)"
이타마에바루,"서울특별시 강남구 봉은사로111길 6, 지상1층 (삼성동)"
신차이 현대백화점 무역센터점,"서울특별시 강남구 테헤란로 517, 현대백화점 지하1층 (삼성동)"
식껍 삼성역점,"서울특별시 강남구 테헤란로107길 11, 성보타운 106호 (삼성동)"
아웃백 딜리버리 삼성점,"서울특별시 강남구 테헤란로83길 11, 지하2층 13호 (삼성동)"
엔포라,"서울특별시 강남구 봉은사로71길 6, 지상1층 102호 (삼성동)"
정 한뿌리죽 무역센터점,"서울특별시 강남구 테헤란로 517, 현대백화점 무역센터점 지하1층 (삼성동)"
미나(MINA),"서울특별시 강남구 학동로82길 17, 지상1층 (삼성동)"
정 한뿌리죽 삼성점,"서울특별시 강남구 삼성로 517, 지하1층 114-2호 (삼성동, 채널리저브)"
상(上)까스& 상화교자 코엑스 오크우드점,"서울특별시 강남구 테헤란로87길 58, 컨벤션별관 지하2층 2A05호 (삼성동)"
더 뭉티기,"서울특별시 강남구 테헤란로83길 14, 두산 위브센티움 지상1층 102호 (삼성동)"
엘리스와인(Alice Wine),"서울특별시 강남구 영동대로106길 33, 화성빌딩 지상1층 101호 (삼성동)"
지구당현대타워점,"서울특별시 강남구 테헤란로 423, 지하1층 102호 (삼성동, 현대타워)"
분주 바이 분더컴퍼니,"서울특별시 강남구 삼성로116길 6, 지하1층,지상1층 (삼성동)"
428 루프탑바(428 Rooftop Bar),"서울특별시 강남구 봉은사로 428, 호텔크레센도서울 지상13층 (삼성동)"
남도뷔페,"서울특별시 강남구 영동대로106길 33, 화성빌딩 지하1층 (삼성동)"
바나프레소 포스코사거리점,"서울특별시 강남구 테헤란로 447, KB우준타워 1층 B호 (삼성동)"
삼성리,"서울특별시 강남구 봉은사로86길 28, 지상1층 (삼성동)"
이그제큐티브 라운지(Executive Lounge),"서울특별시 강남구 봉은사로 428, 호텔크레센도서울 지상10층 (삼성동)"
교대이층집 삼성점,"서울특별시 강남구 삼성로96길 9, 지상 2,3층 (삼성동)"
자연의 원죽,"서울특별시 강남구 영동대로112길 9, 제일빌딩 1층 102호 (삼성동)"
배꼽집,"서울특별시 강남구 영동대로 513, 코엑스 지하1층 P106호 (삼성동)"
428 레스토랑(428 Restaurant),"서울특별시 강남구 봉은사로 428, 호텔크레센도서울 지상1층 (삼성동)"
(주)옹기그룹 송화,"서울특별시 강남구 봉은사로 410, 라마다서울호텔 지하2층 (삼성동)"
금복당,"서울특별시 강남구 영동대로 513, 코엑스 지하1층 P103호 (삼성동)"
어반81,"서울특별시 강남구 봉은사로67길 14, 지상1층 101호 (삼성동)"
신전떡볶이 삼성청담점,"서울특별시 강남구 봉은사로 474, 지상1층 109호 (삼성동, 쌍용 플래티넘)"
카페베네 선릉역점,"서울특별시 강남구 테헤란로 411, 성담빌딩 지상1층 (삼성동)"
호텔인나인(Hotel in 9),"서울특별시 강남구 영동대로 618, 호텔인나인 19층, 옥탑층 (삼성동)"
제이,"서울특별시 강남구 삼성로 543, 지하1층 (삼성동)"
더 포터하우스(The Porterhouse),"서울특별시 강남구 삼성로119길 49, 지하1층 1호,2호 (삼성동)"
라이언위스키,"서울특별시 강남구 테헤란로83길 36, 지상1층 (삼성동)"
강남곱창,"서울특별시 강남구 선릉로130길 5, 지상1층 102호 (삼성동)"
동경규동 삼성점,"서울특별시 강남구 테헤란로83길 15, 제이엠빌딩 지상1층 1호 (삼성동)"
훠궈야파르나스몰점,"서울특별시 강남구 테헤란로 521, 파르나스타워 지하1층 F-2b호 (삼성동)"
일루,"서울특별시 강남구 봉은사로63길 7, B동 지하1층 (삼성동)"
힘난다 코엑스점,"서울특별시 강남구 영동대로 513, 코엑스 지하1층 L104호 (삼성동)"
더블유더블유미타일호점,"서울특별시 강남구 테헤란로 427, 미타빌딩 지상2층 (삼성동)"
더블유더블유미타이호점,"서울특별시 강남구 테헤란로 427, 미타빌딩 지상8층 (삼성동)"
카페36-16,"서울특별시 강남구 봉은사로57길 23, 지하1층 B01호 (삼성동, 제이펠리스)"
에그드랍 파르나스점,"서울특별시 강남구 테헤란로 521, 파르나스타워 지하1층 F-4호 (삼성동)"
에렉스쿠킹,"서울특별시 강남구 테헤란로87길 46, 지하2층 (삼성동)"
원조 을지로골뱅이,"서울특별시 강남구 삼성로100길 23-20, 지상1층,지상2층 (삼성동)"
일커피 주식회사(iL coffee 선릉역점),"서울특별시 강남구 선릉로92길 28, 1층 (삼성동)"
커피온리 봉은사역점,"서울특별시 강남구 영동대로106길 17, 경진빌딩 지상1층 (삼성동)"
국수세상 삼성점,"서울특별시 강남구 봉은사로 623, 한선빌딩 지상2층 1호 (삼성동)"
플랜잇(Planeat),"서울특별시 강남구 테헤란로 427, 미차빌딩 지하1층 (삼성동)"
고담식당,"서울특별시 강남구 선릉로 530, 삼정빌딩 3층 (삼성동)"
온기정,"서울특별시 강남구 테헤란로 517, 현대백화점 지하1층 (삼성동)"
